{
  "objective": "first_place",
  "n_tables": 120,
  "n_games": 10,
  "rule_profile": "baseline_v1",
  "correlation": {
    "mode": "none",
    "strength": 0.0,
    "pairs": []
  },
  "heroes": [
    {
      "hero": "conservative_plus",
      "samples": 1200,
      "tables": 120,
      "n_games_per_table": 10,
      "mean_pnl": 200.8225,
      "first_place_rate": 0.7875,
      "p10_pnl": 88.0,
      "p50_pnl": 198.0,
      "p90_pnl": 314.0,
      "avg_rank": 1.27,
      "seat_counts": [
        22,
        22,
        27,
        20,
        29
      ]
    },
    {
      "hero": "equity_sniper_ultra",
      "samples": 1200,
      "tables": 120,
      "n_games_per_table": 10,
      "mean_pnl": 195.38333333333333,
      "first_place_rate": 0.7316666666666667,
      "p10_pnl": 60.0,
      "p50_pnl": 197.0,
      "p90_pnl": 300.0,
      "avg_rank": 1.3516666666666666,
      "seat_counts": [
        29,
        25,
        23,
        22,
        21
      ]
    },
    {
      "hero": "meta_switch",
      "samples": 1200,
      "tables": 120,
      "n_games_per_table": 10,
      "mean_pnl": 194.04833333333335,
      "first_place_rate": 0.7391666666666666,
      "p10_pnl": 59.0,
      "p50_pnl": 192.0,
      "p90_pnl": 326.0,
      "avg_rank": 1.3825,
      "seat_counts": [
        21,
        21,
        27,
        22,
        29
      ]
    }
  ]
}