{
  "objective": "first_place",
  "n_tables": 120,
  "n_games": 10,
  "rule_profile": "baseline_v1",
  "correlation": {
    "mode": "herd",
    "strength": 0.3,
    "pairs": [
      [
        2,
        3
      ]
    ]
  },
  "heroes": [
    {
      "hero": "conservative_plus",
      "samples": 1200,
      "tables": 120,
      "n_games_per_table": 10,
      "mean_pnl": 189.8975,
      "first_place_rate": 0.7633333333333333,
      "p10_pnl": 93.0,
      "p50_pnl": 190.0,
      "p90_pnl": 284.0,
      "avg_rank": 1.3133333333333332,
      "seat_counts": [
        22,
        22,
        27,
        20,
        29
      ]
    },
    {
      "hero": "meta_switch",
      "samples": 1200,
      "tables": 120,
      "n_games_per_table": 10,
      "mean_pnl": 185.77416666666667,
      "first_place_rate": 0.7208333333333333,
      "p10_pnl": 58.0,
      "p50_pnl": 189.0,
      "p90_pnl": 304.0,
      "avg_rank": 1.395,
      "seat_counts": [
        21,
        21,
        27,
        22,
        29
      ]
    },
    {
      "hero": "equity_sniper_ultra",
      "samples": 1200,
      "tables": 120,
      "n_games_per_table": 10,
      "mean_pnl": 184.59166666666667,
      "first_place_rate": 0.745,
      "p10_pnl": 60.0,
      "p50_pnl": 188.0,
      "p90_pnl": 283.0,
      "avg_rank": 1.3383333333333334,
      "seat_counts": [
        29,
        25,
        23,
        22,
        21
      ]
    }
  ]
}