{
  "objective": "first_place",
  "n_tables": 120,
  "n_games": 10,
  "rule_profile": "baseline_v1",
  "correlation": {
    "mode": "respect",
    "strength": 0.35,
    "pairs": [
      [
        1,
        2
      ]
    ]
  },
  "heroes": [
    {
      "hero": "conservative_plus",
      "samples": 1200,
      "tables": 120,
      "n_games_per_table": 10,
      "mean_pnl": 194.22916666666666,
      "first_place_rate": 0.7508333333333334,
      "p10_pnl": 75.0,
      "p50_pnl": 194.0,
      "p90_pnl": 310.0,
      "avg_rank": 1.3258333333333334,
      "seat_counts": [
        22,
        22,
        27,
        20,
        29
      ]
    },
    {
      "hero": "meta_switch",
      "samples": 1200,
      "tables": 120,
      "n_games_per_table": 10,
      "mean_pnl": 190.19333333333333,
      "first_place_rate": 0.7333333333333333,
      "p10_pnl": 61.0,
      "p50_pnl": 191.0,
      "p90_pnl": 318.0,
      "avg_rank": 1.3716666666666666,
      "seat_counts": [
        21,
        21,
        27,
        22,
        29
      ]
    },
    {
      "hero": "equity_sniper_ultra",
      "samples": 1200,
      "tables": 120,
      "n_games_per_table": 10,
      "mean_pnl": 188.7325,
      "first_place_rate": 0.7216666666666667,
      "p10_pnl": 46.0,
      "p50_pnl": 192.0,
      "p90_pnl": 299.0,
      "avg_rank": 1.3841666666666668,
      "seat_counts": [
        29,
        25,
        23,
        22,
        21
      ]
    }
  ]
}