{
  "objective": "ev",
  "n_tables": 120,
  "n_games": 10,
  "rule_profile": "baseline_v1",
  "correlation": {
    "mode": "none",
    "strength": 0.0,
    "pairs": []
  },
  "heroes": [
    {
      "hero": "equity_sniper_ultra",
      "samples": 1200,
      "tables": 120,
      "n_games_per_table": 10,
      "mean_pnl": 72.70916666666666,
      "first_place_rate": 0.2825,
      "p10_pnl": -30.0,
      "p50_pnl": 50.0,
      "p90_pnl": 218.0,
      "avg_rank": 2.22,
      "seat_counts": [
        34,
        28,
        26,
        19,
        13
      ]
    },
    {
      "hero": "conservative_plus",
      "samples": 1200,
      "tables": 120,
      "n_games_per_table": 10,
      "mean_pnl": 65.40666666666667,
      "first_place_rate": 0.2475,
      "p10_pnl": -26.0,
      "p50_pnl": 41.0,
      "p90_pnl": 195.0,
      "avg_rank": 2.2316666666666665,
      "seat_counts": [
        31,
        25,
        28,
        17,
        19
      ]
    },
    {
      "hero": "meta_switch",
      "samples": 1200,
      "tables": 120,
      "n_games_per_table": 10,
      "mean_pnl": 60.339166666666664,
      "first_place_rate": 0.2575,
      "p10_pnl": -30.0,
      "p50_pnl": 39.0,
      "p90_pnl": 178.0,
      "avg_rank": 2.2441666666666666,
      "seat_counts": [
        21,
        21,
        27,
        22,
        29
      ]
    }
  ]
}