{
  "objective": "first_place",
  "n_tables": 120,
  "n_games": 10,
  "rule_profile": "baseline_v1",
  "correlation": {
    "mode": "herd",
    "strength": 0.3,
    "pairs": [
      [
        2,
        3
      ]
    ]
  },
  "heroes": [
    {
      "hero": "equity_sniper_ultra",
      "samples": 1200,
      "tables": 120,
      "n_games_per_table": 10,
      "mean_pnl": 64.81916666666666,
      "first_place_rate": 0.2625,
      "p10_pnl": -34.0,
      "p50_pnl": 46.0,
      "p90_pnl": 194.0,
      "avg_rank": 2.305,
      "seat_counts": [
        34,
        28,
        26,
        19,
        13
      ]
    },
    {
      "hero": "conservative_plus",
      "samples": 1200,
      "tables": 120,
      "n_games_per_table": 10,
      "mean_pnl": 57.37416666666667,
      "first_place_rate": 0.23333333333333334,
      "p10_pnl": -29.0,
      "p50_pnl": 38.0,
      "p90_pnl": 176.0,
      "avg_rank": 2.3383333333333334,
      "seat_counts": [
        31,
        25,
        28,
        17,
        19
      ]
    },
    {
      "hero": "meta_switch",
      "samples": 1200,
      "tables": 120,
      "n_games_per_table": 10,
      "mean_pnl": 38.899166666666666,
      "first_place_rate": 0.37666666666666665,
      "p10_pnl": -161.0,
      "p50_pnl": 60.0,
      "p90_pnl": 160.0,
      "avg_rank": 2.4383333333333335,
      "seat_counts": [
        21,
        21,
        27,
        22,
        29
      ]
    }
  ]
}