{
  "objective": "first_place",
  "n_tables": 120,
  "n_games": 10,
  "rule_profile": "baseline_v1",
  "correlation": {
    "mode": "herd",
    "strength": 0.3,
    "pairs": [
      [
        2,
        3
      ]
    ]
  },
  "heroes": [
    {
      "hero": "equity_sniper_ultra",
      "samples": 1200,
      "tables": 120,
      "n_games_per_table": 10,
      "mean_pnl": 20.576666666666668,
      "first_place_rate": 0.19916666666666666,
      "p10_pnl": -57.0,
      "p50_pnl": -4.0,
      "p90_pnl": 160.0,
      "avg_rank": 2.591666666666667,
      "seat_counts": [
        34,
        31,
        28,
        14,
        13
      ]
    },
    {
      "hero": "conservative_plus",
      "samples": 1200,
      "tables": 120,
      "n_games_per_table": 10,
      "mean_pnl": 19.053333333333335,
      "first_place_rate": 0.17583333333333334,
      "p10_pnl": -57.0,
      "p50_pnl": -5.0,
      "p90_pnl": 149.0,
      "avg_rank": 2.695,
      "seat_counts": [
        34,
        35,
        19,
        15,
        17
      ]
    },
    {
      "hero": "meta_switch",
      "samples": 1200,
      "tables": 120,
      "n_games_per_table": 10,
      "mean_pnl": -0.1775,
      "first_place_rate": 0.455,
      "p10_pnl": -198.0,
      "p50_pnl": 50.0,
      "p90_pnl": 109.0,
      "avg_rank": 2.4616666666666664,
      "seat_counts": [
        20,
        28,
        20,
        26,
        26
      ]
    }
  ]
}