{
  "objective": "first_place",
  "n_tables": 70,
  "n_games": 10,
  "rule_profile": "baseline_v1",
  "correlation": {
    "mode": "herd",
    "strength": 0.3,
    "pairs": [
      [
        2,
        3
      ]
    ]
  },
  "heroes": [
    {
      "hero": "research_logs/generated_strategies/equity_auto_023.py",
      "samples": 700,
      "tables": 70,
      "n_games_per_table": 10,
      "mean_pnl": 196.57142857142858,
      "first_place_rate": 0.8371428571428572,
      "p10_pnl": 112.0,
      "p50_pnl": 189.0,
      "p90_pnl": 289.0,
      "avg_rank": 1.1842857142857144,
      "seat_counts": [
        14,
        14,
        15,
        14,
        13
      ]
    },
    {
      "hero": "conservative_plus",
      "samples": 700,
      "tables": 70,
      "n_games_per_table": 10,
      "mean_pnl": 194.85285714285715,
      "first_place_rate": 0.7628571428571429,
      "p10_pnl": 67.0,
      "p50_pnl": 194.0,
      "p90_pnl": 309.0,
      "avg_rank": 1.3357142857142856,
      "seat_counts": [
        7,
        21,
        17,
        12,
        13
      ]
    },
    {
      "hero": "equity_sniper_ultra",
      "samples": 700,
      "tables": 70,
      "n_games_per_table": 10,
      "mean_pnl": 190.32142857142858,
      "first_place_rate": 0.7857142857142857,
      "p10_pnl": 74.0,
      "p50_pnl": 188.0,
      "p90_pnl": 290.0,
      "avg_rank": 1.2757142857142858,
      "seat_counts": [
        11,
        17,
        11,
        15,
        16
      ]
    }
  ]
}