{
  "objective": "ev",
  "n_tables": 70,
  "n_games": 10,
  "rule_profile": "baseline_v1",
  "correlation": {
    "mode": "none",
    "strength": 0.0,
    "pairs": []
  },
  "heroes": [
    {
      "hero": "conservative_plus",
      "samples": 700,
      "tables": 70,
      "n_games_per_table": 10,
      "mean_pnl": 209.23142857142858,
      "first_place_rate": 0.8142857142857143,
      "p10_pnl": 76.0,
      "p50_pnl": 212.0,
      "p90_pnl": 334.0,
      "avg_rank": 1.25,
      "seat_counts": [
        7,
        21,
        17,
        12,
        13
      ]
    },
    {
      "hero": "research_logs/generated_strategies/equity_auto_023.py",
      "samples": 700,
      "tables": 70,
      "n_games_per_table": 10,
      "mean_pnl": 204.04857142857142,
      "first_place_rate": 0.8357142857142857,
      "p10_pnl": 107.0,
      "p50_pnl": 193.0,
      "p90_pnl": 306.0,
      "avg_rank": 1.1928571428571428,
      "seat_counts": [
        14,
        14,
        15,
        14,
        13
      ]
    },
    {
      "hero": "equity_sniper_ultra",
      "samples": 700,
      "tables": 70,
      "n_games_per_table": 10,
      "mean_pnl": 201.5857142857143,
      "first_place_rate": 0.7957142857142857,
      "p10_pnl": 79.0,
      "p50_pnl": 193.0,
      "p90_pnl": 317.0,
      "avg_rank": 1.2642857142857142,
      "seat_counts": [
        11,
        17,
        11,
        15,
        16
      ]
    }
  ]
}