{
  "objective": "ev",
  "n_tables": 70,
  "n_games": 10,
  "rule_profile": "baseline_v1",
  "correlation": {
    "mode": "respect",
    "strength": 0.35,
    "pairs": [
      [
        1,
        2
      ]
    ]
  },
  "heroes": [
    {
      "hero": "conservative_plus",
      "samples": 700,
      "tables": 70,
      "n_games_per_table": 10,
      "mean_pnl": 198.3842857142857,
      "first_place_rate": 0.7614285714285715,
      "p10_pnl": 66.0,
      "p50_pnl": 203.0,
      "p90_pnl": 311.0,
      "avg_rank": 1.3457142857142856,
      "seat_counts": [
        7,
        21,
        17,
        12,
        13
      ]
    },
    {
      "hero": "research_logs/generated_strategies/equity_auto_023.py",
      "samples": 700,
      "tables": 70,
      "n_games_per_table": 10,
      "mean_pnl": 195.2642857142857,
      "first_place_rate": 0.8157142857142857,
      "p10_pnl": 96.0,
      "p50_pnl": 191.0,
      "p90_pnl": 286.0,
      "avg_rank": 1.2257142857142858,
      "seat_counts": [
        14,
        14,
        15,
        14,
        13
      ]
    },
    {
      "hero": "equity_sniper_ultra",
      "samples": 700,
      "tables": 70,
      "n_games_per_table": 10,
      "mean_pnl": 194.51285714285714,
      "first_place_rate": 0.7842857142857143,
      "p10_pnl": 78.0,
      "p50_pnl": 190.0,
      "p90_pnl": 309.0,
      "avg_rank": 1.2785714285714285,
      "seat_counts": [
        11,
        17,
        11,
        15,
        16
      ]
    }
  ]
}