{
  "objective": "robustness",
  "n_tables": 70,
  "n_games": 10,
  "rule_profile": "baseline_v1",
  "correlation": {
    "mode": "none",
    "strength": 0.0,
    "pairs": []
  },
  "heroes": [
    {
      "hero": "research_logs/generated_strategies/equity_auto_023.py",
      "samples": 700,
      "tables": 70,
      "n_games_per_table": 10,
      "mean_pnl": 74.65428571428572,
      "first_place_rate": 0.33,
      "p10_pnl": -26.0,
      "p50_pnl": 62.0,
      "p90_pnl": 185.0,
      "avg_rank": 1.9185714285714286,
      "seat_counts": [
        14,
        14,
        15,
        14,
        13
      ]
    },
    {
      "hero": "conservative_plus",
      "samples": 700,
      "tables": 70,
      "n_games_per_table": 10,
      "mean_pnl": 60.20857142857143,
      "first_place_rate": 0.26142857142857145,
      "p10_pnl": -25.0,
      "p50_pnl": 36.0,
      "p90_pnl": 176.0,
      "avg_rank": 2.2471428571428573,
      "seat_counts": [
        12,
        20,
        17,
        12,
        9
      ]
    },
    {
      "hero": "equity_sniper_ultra",
      "samples": 700,
      "tables": 70,
      "n_games_per_table": 10,
      "mean_pnl": 54.33857142857143,
      "first_place_rate": 0.27285714285714285,
      "p10_pnl": -39.0,
      "p50_pnl": 40.0,
      "p90_pnl": 181.0,
      "avg_rank": 2.3042857142857143,
      "seat_counts": [
        14,
        18,
        15,
        9,
        14
      ]
    }
  ]
}