{
  "objective": "first_place",
  "n_tables": 70,
  "n_games": 10,
  "rule_profile": "baseline_v1",
  "correlation": {
    "mode": "respect",
    "strength": 0.35,
    "pairs": [
      [
        1,
        2
      ]
    ]
  },
  "heroes": [
    {
      "hero": "research_logs/generated_strategies/equity_auto_023.py",
      "samples": 700,
      "tables": 70,
      "n_games_per_table": 10,
      "mean_pnl": 67.15142857142857,
      "first_place_rate": 0.2785714285714286,
      "p10_pnl": -26.0,
      "p50_pnl": 52.0,
      "p90_pnl": 181.0,
      "avg_rank": 2.0357142857142856,
      "seat_counts": [
        14,
        14,
        15,
        14,
        13
      ]
    },
    {
      "hero": "conservative_plus",
      "samples": 700,
      "tables": 70,
      "n_games_per_table": 10,
      "mean_pnl": 56.11571428571428,
      "first_place_rate": 0.2257142857142857,
      "p10_pnl": -23.0,
      "p50_pnl": 33.0,
      "p90_pnl": 180.0,
      "avg_rank": 2.2914285714285714,
      "seat_counts": [
        12,
        20,
        17,
        12,
        9
      ]
    },
    {
      "hero": "equity_sniper_ultra",
      "samples": 700,
      "tables": 70,
      "n_games_per_table": 10,
      "mean_pnl": 51.47714285714286,
      "first_place_rate": 0.2542857142857143,
      "p10_pnl": -40.0,
      "p50_pnl": 30.0,
      "p90_pnl": 172.0,
      "avg_rank": 2.354285714285714,
      "seat_counts": [
        14,
        18,
        15,
        9,
        14
      ]
    }
  ]
}