{
  "objective": "robustness",
  "n_tables": 70,
  "n_games": 10,
  "rule_profile": "baseline_v1",
  "correlation": {
    "mode": "herd",
    "strength": 0.3,
    "pairs": [
      [
        2,
        3
      ]
    ]
  },
  "heroes": [
    {
      "hero": "research_logs/generated_strategies/equity_auto_023.py",
      "samples": 700,
      "tables": 70,
      "n_games_per_table": 10,
      "mean_pnl": 64.19571428571429,
      "first_place_rate": 0.31142857142857144,
      "p10_pnl": -28.0,
      "p50_pnl": 49.0,
      "p90_pnl": 169.0,
      "avg_rank": 1.997142857142857,
      "seat_counts": [
        14,
        14,
        15,
        14,
        13
      ]
    },
    {
      "hero": "conservative_plus",
      "samples": 700,
      "tables": 70,
      "n_games_per_table": 10,
      "mean_pnl": 57.45428571428572,
      "first_place_rate": 0.25857142857142856,
      "p10_pnl": -27.0,
      "p50_pnl": 39.0,
      "p90_pnl": 164.0,
      "avg_rank": 2.21,
      "seat_counts": [
        12,
        20,
        17,
        12,
        9
      ]
    },
    {
      "hero": "equity_sniper_ultra",
      "samples": 700,
      "tables": 70,
      "n_games_per_table": 10,
      "mean_pnl": 51.04714285714286,
      "first_place_rate": 0.26571428571428574,
      "p10_pnl": -41.0,
      "p50_pnl": 34.0,
      "p90_pnl": 164.0,
      "avg_rank": 2.3642857142857143,
      "seat_counts": [
        14,
        18,
        15,
        9,
        14
      ]
    }
  ]
}