{
  "objective": "robustness",
  "n_tables": 70,
  "n_games": 10,
  "rule_profile": "baseline_v1",
  "correlation": {
    "mode": "none",
    "strength": 0.0,
    "pairs": []
  },
  "heroes": [
    {
      "hero": "research_logs/generated_strategies/equity_auto_023.py",
      "samples": 700,
      "tables": 70,
      "n_games_per_table": 10,
      "mean_pnl": 31.228571428571428,
      "first_place_rate": 0.23714285714285716,
      "p10_pnl": -42.0,
      "p50_pnl": 21.0,
      "p90_pnl": 100.0,
      "avg_rank": 2.1085714285714285,
      "seat_counts": [
        19,
        13,
        15,
        10,
        13
      ]
    },
    {
      "hero": "equity_sniper_ultra",
      "samples": 700,
      "tables": 70,
      "n_games_per_table": 10,
      "mean_pnl": 25.31142857142857,
      "first_place_rate": 0.22428571428571428,
      "p10_pnl": -62.0,
      "p50_pnl": -1.0,
      "p90_pnl": 158.0,
      "avg_rank": 2.527142857142857,
      "seat_counts": [
        24,
        21,
        10,
        8,
        7
      ]
    },
    {
      "hero": "conservative_plus",
      "samples": 700,
      "tables": 70,
      "n_games_per_table": 10,
      "mean_pnl": 14.911428571428571,
      "first_place_rate": 0.16142857142857142,
      "p10_pnl": -59.0,
      "p50_pnl": -6.0,
      "p90_pnl": 146.0,
      "avg_rank": 2.625714285714286,
      "seat_counts": [
        16,
        20,
        16,
        8,
        10
      ]
    }
  ]
}