{
  "objective": "robustness",
  "n_tables": 70,
  "n_games": 10,
  "rule_profile": "baseline_v1",
  "correlation": {
    "mode": "herd",
    "strength": 0.3,
    "pairs": [
      [
        2,
        3
      ]
    ]
  },
  "heroes": [
    {
      "hero": "research_logs/generated_strategies/equity_auto_023.py",
      "samples": 700,
      "tables": 70,
      "n_games_per_table": 10,
      "mean_pnl": 29.722857142857144,
      "first_place_rate": 0.24142857142857144,
      "p10_pnl": -46.0,
      "p50_pnl": 22.0,
      "p90_pnl": 100.0,
      "avg_rank": 2.137142857142857,
      "seat_counts": [
        19,
        13,
        15,
        10,
        13
      ]
    },
    {
      "hero": "equity_sniper_ultra",
      "samples": 700,
      "tables": 70,
      "n_games_per_table": 10,
      "mean_pnl": 18.01142857142857,
      "first_place_rate": 0.19285714285714287,
      "p10_pnl": -64.0,
      "p50_pnl": -5.0,
      "p90_pnl": 146.0,
      "avg_rank": 2.6957142857142857,
      "seat_counts": [
        24,
        21,
        10,
        8,
        7
      ]
    },
    {
      "hero": "conservative_plus",
      "samples": 700,
      "tables": 70,
      "n_games_per_table": 10,
      "mean_pnl": 8.672857142857143,
      "first_place_rate": 0.14714285714285713,
      "p10_pnl": -60.0,
      "p50_pnl": -10.0,
      "p90_pnl": 119.0,
      "avg_rank": 2.704285714285714,
      "seat_counts": [
        16,
        20,
        16,
        8,
        10
      ]
    }
  ]
}