{
  "matrix_json": "research_logs/experiment_outputs/long_parallel_matrix_20260301_023315.json",
  "winner_counts": {
    "levelk_42207": 3,
    "levelk_207605": 3,
    "level_k": 3,
    "levelk_926417": 2,
    "levelk_base": 1
  },
  "winner_lcb_counts": {
    "levelk_42207": 3,
    "levelk_207605": 3,
    "levelk_base": 3,
    "level_k": 2,
    "levelk_926417": 1
  },
  "scenario_summaries": [
    {
      "rule_profile": "baseline_v1",
      "objective": "ev",
      "horizon": 10,
      "corr_mode": "herd",
      "metric_key": "expected_pnl",
      "winner": "levelk_42207",
      "winner_mean": 21.71327283827284,
      "winner_std": 9.042730713786717,
      "winner_sem": 3.6916793550284956,
      "winner_ci95_low": 14.477581302416988,
      "winner_ci95_high": 28.948964374128693,
      "winner_lcb": "levelk_42207",
      "winner_lcb_value": 14.477581302416988,
      "runner_up": "meta_switch",
      "margin": 4.712155984289446,
      "winner_vs_runner_pairwise_conf": 0.6666666666666666,
      "top3": [
        {
          "tag": "levelk_42207",
          "mean_metric": 21.71327283827284,
          "std_metric": 9.042730713786717,
          "sem_metric": 3.6916793550284956,
          "ci95_low": 14.477581302416988,
          "ci95_high": 28.948964374128693,
          "n": 6
        },
        {
          "tag": "meta_switch",
          "mean_metric": 17.001116853983394,
          "std_metric": 16.67468457346892,
          "sem_metric": 6.807411471142836,
          "ci95_low": 3.658590370543436,
          "ci95_high": 30.34364333742335,
          "n": 6
        },
        {
          "tag": "levelk_207605",
          "mean_metric": 15.114441073518595,
          "std_metric": 15.03689631653955,
          "sem_metric": 6.138787215109631,
          "ci95_low": 3.0824181319037187,
          "ci95_high": 27.14646401513347,
          "n": 6
        }
      ]
    },
    {
      "rule_profile": "baseline_v1",
      "objective": "ev",
      "horizon": 10,
      "corr_mode": "kingmaker",
      "metric_key": "expected_pnl",
      "winner": "levelk_207605",
      "winner_mean": 29.668606477004083,
      "winner_std": 10.670626501449966,
      "winner_sem": 4.356265027395341,
      "winner_ci95_low": 21.130327023309214,
      "winner_ci95_high": 38.20688593069895,
      "winner_lcb": "levelk_207605",
      "winner_lcb_value": 21.130327023309214,
      "runner_up": "levelk_base",
      "margin": 4.652486784600388,
      "winner_vs_runner_pairwise_conf": 0.6666666666666666,
      "top3": [
        {
          "tag": "levelk_207605",
          "mean_metric": 29.668606477004083,
          "std_metric": 10.670626501449966,
          "sem_metric": 4.356265027395341,
          "ci95_low": 21.130327023309214,
          "ci95_high": 38.20688593069895,
          "n": 6
        },
        {
          "tag": "levelk_base",
          "mean_metric": 25.016119692403695,
          "std_metric": 17.772180699853468,
          "sem_metric": 7.25546238853004,
          "ci95_low": 10.795413410884818,
          "ci95_high": 39.23682597392257,
          "n": 6
        },
        {
          "tag": "levelk_42207",
          "mean_metric": 20.530235425497434,
          "std_metric": 11.259958241489333,
          "sem_metric": 4.596858702782506,
          "ci95_low": 11.520392368043723,
          "ci95_high": 29.540078482951145,
          "n": 6
        }
      ]
    },
    {
      "rule_profile": "baseline_v1",
      "objective": "ev",
      "horizon": 10,
      "corr_mode": "none",
      "metric_key": "expected_pnl",
      "winner": "levelk_42207",
      "winner_mean": 27.956465226225113,
      "winner_std": 13.034576610876732,
      "winner_sem": 5.32134361831068,
      "winner_ci95_low": 17.52663173433618,
      "winner_ci95_high": 38.38629871811405,
      "winner_lcb": "levelk_42207",
      "winner_lcb_value": 17.52663173433618,
      "runner_up": "level_k",
      "margin": 1.4378442193686354,
      "winner_vs_runner_pairwise_conf": 0.5,
      "top3": [
        {
          "tag": "levelk_42207",
          "mean_metric": 27.956465226225113,
          "std_metric": 13.034576610876732,
          "sem_metric": 5.32134361831068,
          "ci95_low": 17.52663173433618,
          "ci95_high": 38.38629871811405,
          "n": 6
        },
        {
          "tag": "level_k",
          "mean_metric": 26.518621006856478,
          "std_metric": 12.32418553505026,
          "sem_metric": 5.031327676043738,
          "ci95_low": 16.65721876181075,
          "ci95_high": 36.3800232519022,
          "n": 6
        },
        {
          "tag": "levelk_207605",
          "mean_metric": 24.18616296222478,
          "std_metric": 14.756584932090524,
          "sem_metric": 6.024350571610757,
          "ci95_low": 12.378435841867697,
          "ci95_high": 35.99389008258186,
          "n": 6
        }
      ]
    },
    {
      "rule_profile": "baseline_v1",
      "objective": "ev",
      "horizon": 10,
      "corr_mode": "respect",
      "metric_key": "expected_pnl",
      "winner": "level_k",
      "winner_mean": 31.54907581416405,
      "winner_std": 12.389249262958648,
      "winner_sem": 5.057889831733544,
      "winner_ci95_low": 21.6356117439663,
      "winner_ci95_high": 41.462539884361796,
      "winner_lcb": "level_k",
      "winner_lcb_value": 21.6356117439663,
      "runner_up": "levelk_207605",
      "margin": 5.136021911891579,
      "winner_vs_runner_pairwise_conf": 0.6666666666666666,
      "top3": [
        {
          "tag": "level_k",
          "mean_metric": 31.54907581416405,
          "std_metric": 12.389249262958648,
          "sem_metric": 5.057889831733544,
          "ci95_low": 21.6356117439663,
          "ci95_high": 41.462539884361796,
          "n": 6
        },
        {
          "tag": "levelk_207605",
          "mean_metric": 26.41305390227247,
          "std_metric": 14.686690179609817,
          "sem_metric": 5.995816158398114,
          "ci95_low": 14.661254231812167,
          "ci95_high": 38.164853572732774,
          "n": 6
        },
        {
          "tag": "levelk_base",
          "mean_metric": 24.19548206530203,
          "std_metric": 11.46876052980057,
          "sem_metric": 4.682101880030511,
          "ci95_low": 15.01856238044223,
          "ci95_high": 33.37240175016183,
          "n": 6
        }
      ]
    },
    {
      "rule_profile": "baseline_v1",
      "objective": "first_place",
      "horizon": 10,
      "corr_mode": "herd",
      "metric_key": "first_place_rate",
      "winner": "levelk_926417",
      "winner_mean": 0.24472177781960391,
      "winner_std": 0.04344899212734508,
      "winner_sem": 0.017737976758366473,
      "winner_ci95_low": 0.20995534337320562,
      "winner_ci95_high": 0.2794882122660022,
      "winner_lcb": "levelk_base",
      "winner_lcb_value": 0.21554999527278193,
      "runner_up": "level_k",
      "margin": 0.002741910929869862,
      "winner_vs_runner_pairwise_conf": 0.3333333333333333,
      "top3": [
        {
          "tag": "levelk_926417",
          "mean_metric": 0.24472177781960391,
          "std_metric": 0.04344899212734508,
          "sem_metric": 0.017737976758366473,
          "ci95_low": 0.20995534337320562,
          "ci95_high": 0.2794882122660022,
          "n": 6
        },
        {
          "tag": "level_k",
          "mean_metric": 0.24197986688973405,
          "std_metric": 0.03945074291749797,
          "sem_metric": 0.0161056983535979,
          "ci95_low": 0.21041269811668217,
          "ci95_high": 0.27354703566278593,
          "n": 6
        },
        {
          "tag": "levelk_base",
          "mean_metric": 0.23308203272834047,
          "std_metric": 0.021910482610959753,
          "sem_metric": 0.008944917069162518,
          "ci95_low": 0.21554999527278193,
          "ci95_high": 0.25061407018389903,
          "n": 6
        }
      ]
    },
    {
      "rule_profile": "baseline_v1",
      "objective": "first_place",
      "horizon": 10,
      "corr_mode": "kingmaker",