{
  "matrix_json": "research_logs/experiment_outputs/long_parallel_matrix_20260301_024017.json",
  "winner_counts": {
    "pot_fraction": 4,
    "levelk_base": 2,
    "meta_switch_soft": 2,
    "levelk_42207": 2,
    "level_k_l3": 1,
    "level_k": 1
  },
  "winner_lcb_counts": {
    "levelk_base": 3,
    "pot_fraction": 3,
    "level_k_l3": 1,
    "conservative": 1,
    "meta_switch_soft": 1,
    "level_k": 1,
    "levelk_207605": 1,
    "levelk_42207": 1
  },
  "scenario_summaries": [
    {
      "rule_profile": "baseline_v1",
      "objective": "ev",
      "horizon": 10,
      "corr_mode": "herd",
      "metric_key": "expected_pnl",
      "winner": "pot_fraction",
      "winner_mean": 102.87971137521222,
      "winner_std": 17.14926983773364,
      "winner_sem": 9.901135557221048,
      "winner_ci95_low": 83.47348568305897,
      "winner_ci95_high": 122.28593706736548,
      "winner_lcb": "level_k_l3",
      "winner_lcb_value": 87.84580887681271,
      "runner_up": "levelk_207605",
      "margin": 3.505637301138151,
      "winner_vs_runner_pairwise_conf": 0.6666666666666666,
      "top3": [
        {
          "tag": "pot_fraction",
          "mean_metric": 102.87971137521222,
          "std_metric": 17.14926983773364,
          "sem_metric": 9.901135557221048,
          "ci95_low": 83.47348568305897,
          "ci95_high": 122.28593706736548,
          "n": 3
        },
        {
          "tag": "levelk_207605",
          "mean_metric": 99.37407407407407,
          "std_metric": 16.605481105450817,
          "sem_metric": 9.587178986255275,
          "ci95_low": 80.58320326101374,
          "ci95_high": 118.16494488713441,
          "n": 3
        },
        {
          "tag": "meta_switch_soft",
          "mean_metric": 95.73322440087146,
          "std_metric": 19.47818641064892,
          "sem_metric": 11.245736167513865,
          "ci95_low": 73.69158151254429,
          "ci95_high": 117.77486728919864,
          "n": 3
        }
      ]
    },
    {
      "rule_profile": "baseline_v1",
      "objective": "ev",
      "horizon": 10,
      "corr_mode": "kingmaker",
      "metric_key": "expected_pnl",
      "winner": "levelk_base",
      "winner_mean": 116.64677394636016,
      "winner_std": 7.802793632903498,
      "winner_sem": 4.504945004387933,
      "winner_ci95_low": 107.8170817377598,
      "winner_ci95_high": 125.4764661549605,
      "winner_lcb": "levelk_base",
      "winner_lcb_value": 107.8170817377598,
      "runner_up": "meta_switch",
      "margin": 12.046117131910236,
      "winner_vs_runner_pairwise_conf": 0.3333333333333333,
      "top3": [
        {
          "tag": "levelk_base",
          "mean_metric": 116.64677394636016,
          "std_metric": 7.802793632903498,
          "sem_metric": 4.504945004387933,
          "ci95_low": 107.8170817377598,
          "ci95_high": 125.4764661549605,
          "n": 3
        },
        {
          "tag": "meta_switch",
          "mean_metric": 104.60065681444992,
          "std_metric": 24.29988046062561,
          "sem_metric": 14.029542525217924,
          "ci95_low": 77.10275346502279,
          "ci95_high": 132.09856016387704,
          "n": 3
        },
        {
          "tag": "level_k_l3",
          "mean_metric": 90.9753936423054,
          "std_metric": 6.385764444066321,
          "sem_metric": 3.6868228207632314,
          "ci95_low": 83.74922091360948,
          "ci95_high": 98.20156637100133,
          "n": 3
        }
      ]
    },
    {
      "rule_profile": "baseline_v1",
      "objective": "ev",
      "horizon": 10,
      "corr_mode": "none",
      "metric_key": "expected_pnl",
      "winner": "level_k_l3",
      "winner_mean": 133.50488409641332,
      "winner_std": 23.75814787877293,
      "winner_sem": 13.716773073256489,
      "winner_ci95_low": 106.6200088728306,
      "winner_ci95_high": 160.38975931999605,
      "winner_lcb": "conservative",
      "winner_lcb_value": 108.08313019966812,
      "runner_up": "conservative",
      "margin": 14.28059143505169,
      "winner_vs_runner_pairwise_conf": 0.6666666666666666,
      "top3": [
        {
          "tag": "level_k_l3",
          "mean_metric": 133.50488409641332,
          "std_metric": 23.75814787877293,
          "sem_metric": 13.716773073256489,
          "ci95_low": 106.6200088728306,
          "ci95_high": 160.38975931999605,
          "n": 3
        },
        {
          "tag": "conservative",
          "mean_metric": 119.22429266136163,
          "std_metric": 9.845438489302191,
          "sem_metric": 5.684266562088523,
          "ci95_low": 108.08313019966812,
          "ci95_high": 130.36545512305514,
          "n": 3
        },
        {
          "tag": "meta_switch_soft",
          "mean_metric": 111.520277370479,
          "std_metric": 22.293881076168102,
          "sem_metric": 12.871378240607157,
          "ci95_low": 86.29237601888897,
          "ci95_high": 136.748178722069,
          "n": 3
        }
      ]
    },
    {
      "rule_profile": "baseline_v1",
      "objective": "ev",
      "horizon": 10,
      "corr_mode": "respect",
      "metric_key": "expected_pnl",
      "winner": "meta_switch_soft",
      "winner_mean": 105.14333621933622,
      "winner_std": 31.706782301055092,
      "winner_sem": 18.30591929665102,
      "winner_ci95_low": 69.26373439790022,
      "winner_ci95_high": 141.0229380407722,
      "winner_lcb": "levelk_base",
      "winner_lcb_value": 99.3889955449101,
      "runner_up": "levelk_base",
      "margin": 0.038288600288595376,
      "winner_vs_runner_pairwise_conf": 0.6666666666666666,
      "top3": [
        {
          "tag": "meta_switch_soft",
          "mean_metric": 105.14333621933622,
          "std_metric": 31.706782301055092,
          "sem_metric": 18.30591929665102,
          "ci95_low": 69.26373439790022,
          "ci95_high": 141.0229380407722,
          "n": 3
        },
        {
          "tag": "levelk_base",
          "mean_metric": 105.10504761904762,
          "std_metric": 5.051271740365128,
          "sem_metric": 2.9163530990497564,
          "ci95_low": 99.3889955449101,
          "ci95_high": 110.82109969318515,
          "n": 3
        },
        {
          "tag": "conservative",
          "mean_metric": 104.14642735042735,
          "std_metric": 24.8083852288778,
          "sem_metric": 14.323127890052534,
          "ci95_low": 76.07309668592438,
          "ci95_high": 132.2197580149303,
          "n": 3
        }
      ]
    },
    {
      "rule_profile": "baseline_v1",
      "objective": "first_place",
      "horizon": 10,
      "corr_mode": "herd",
      "metric_key": "first_place_rate",
      "winner": "meta_switch_soft",
      "winner_mean": 0.3949832775919732,
      "winner_std": 0.038940117845019336,
      "winner_sem": 0.022482087520097664,
      "winner_ci95_low": 0.3509183860525818,
      "winner_ci95_high": 0.43904816913136463,
      "winner_lcb": "meta_switch_soft",
      "winner_lcb_value": 0.3509183860525818,
      "runner_up": "pot_fraction",
      "margin": 0.004705499814195435,
      "winner_vs_runner_pairwise_conf": 0.6666666666666666,
      "top3": [
        {
          "tag": "meta_switch_soft",
          "mean_metric": 0.3949832775919732,
          "std_metric": 0.038940117845019336,
          "sem_metric": 0.022482087520097664,
          "ci95_low": 0.3509183860525818,
          "ci95_high": 0.43904816913136463,
          "n": 3
        },
        {
          "tag": "pot_fraction",
          "mean_metric": 0.3902777777777778,
          "std_metric": 0.06908238953025495,
          "sem_metric": 0.03988473619155528,
          "ci95_low": 0.3121036948423294,
          "ci95_high": 0.46845186071322614,
          "n": 3
        },
        {
          "tag": "conservative",
          "mean_metric": 0.3521557071960298,
          "std_metric": 0.05953786475639924,
          "sem_metric": 0.034374202244082636,
          "ci95_low": 0.28478227079762786,
          "ci95_high": 0.4195291435944317,