{
  "matrix_json": "research_logs/experiment_outputs/long_parallel_matrix_20260301_040636.json",
  "winner_counts": {
    "level_k_l3": 3,
    "levelk_207605": 2,
    "meta_switch_soft": 2,
    "level_k": 2,
    "bully": 1,
    "levelk_base": 1,
    "levelk_926417": 1
  },
  "winner_lcb_counts": {
    "bully": 3,
    "level_k_l3": 2,
    "levelk_926417": 2,
    "levelk_42207": 1,
    "meta_switch_soft": 1,
    "levelk_base": 1,
    "levelk_207605": 1,
    "level_k": 1
  },
  "scenario_summaries": [
    {
      "rule_profile": "baseline_v1",
      "objective": "first_place",
      "horizon": 5,
      "corr_mode": "herd",
      "metric_key": "first_place_rate",
      "winner": "bully",
      "winner_mean": 0.22763047815145276,
      "winner_std": 0.02996774265500134,
      "winner_sem": 0.013401981941760604,
      "winner_ci95_low": 0.201362593545602,
      "winner_ci95_high": 0.25389836275730354,
      "winner_lcb": "bully",
      "winner_lcb_value": 0.201362593545602,
      "runner_up": "level_k_l3",
      "margin": 0.01140597124075296,
      "winner_vs_runner_pairwise_conf": 0.6,
      "top3": [
        {
          "tag": "bully",
          "mean_metric": 0.22763047815145276,
          "std_metric": 0.02996774265500134,
          "sem_metric": 0.013401981941760604,
          "ci95_low": 0.201362593545602,
          "ci95_high": 0.25389836275730354,
          "n": 5
        },
        {
          "tag": "level_k_l3",
          "mean_metric": 0.2162245069106998,
          "std_metric": 0.036326325527418137,
          "sem_metric": 0.01624562665041857,
          "ci95_low": 0.1843830786758794,
          "ci95_high": 0.2480659351455202,
          "n": 5
        },
        {
          "tag": "meta_switch_soft",
          "mean_metric": 0.21242234033447602,
          "std_metric": 0.02232248422607865,
          "sem_metric": 0.009982918431235728,
          "ci95_low": 0.192855820209254,
          "ci95_high": 0.23198886045969805,
          "n": 5
        }
      ]
    },
    {
      "rule_profile": "baseline_v1",
      "objective": "first_place",
      "horizon": 5,
      "corr_mode": "kingmaker",
      "metric_key": "first_place_rate",
      "winner": "level_k_l3",
      "winner_mean": 0.23139336770189162,
      "winner_std": 0.021779110609338324,
      "winner_sem": 0.009739914362393472,
      "winner_ci95_low": 0.2123031355516004,
      "winner_ci95_high": 0.2504835998521828,
      "winner_lcb": "level_k_l3",
      "winner_lcb_value": 0.2123031355516004,
      "runner_up": "levelk_base",
      "margin": 0.0036677057151134063,
      "winner_vs_runner_pairwise_conf": 0.6,
      "top3": [
        {
          "tag": "level_k_l3",
          "mean_metric": 0.23139336770189162,
          "std_metric": 0.021779110609338324,
          "sem_metric": 0.009739914362393472,
          "ci95_low": 0.2123031355516004,
          "ci95_high": 0.2504835998521828,
          "n": 5
        },
        {
          "tag": "levelk_base",
          "mean_metric": 0.2277256619867782,
          "std_metric": 0.033894734235577186,
          "sem_metric": 0.01515818596600799,
          "ci95_low": 0.19801561749340255,
          "ci95_high": 0.25743570648015385,
          "n": 5
        },
        {
          "tag": "levelk_207605",
          "mean_metric": 0.22287796714920058,
          "std_metric": 0.04239048038395636,
          "sem_metric": 0.018957599147479562,
          "ci95_low": 0.18572107282014064,
          "ci95_high": 0.2600348614782605,
          "n": 5
        }
      ]
    },
    {
      "rule_profile": "baseline_v1",
      "objective": "first_place",
      "horizon": 5,
      "corr_mode": "none",
      "metric_key": "first_place_rate",
      "winner": "levelk_207605",
      "winner_mean": 0.24667362822868746,
      "winner_std": 0.051336197886760894,
      "winner_sem": 0.02295824563623568,
      "winner_ci95_low": 0.20167546678166554,
      "winner_ci95_high": 0.2916717896757094,
      "winner_lcb": "levelk_42207",
      "winner_lcb_value": 0.22103833945793194,
      "runner_up": "level_k_l3",
      "margin": 0.009859158890981046,
      "winner_vs_runner_pairwise_conf": 0.8,
      "top3": [
        {
          "tag": "levelk_207605",
          "mean_metric": 0.24667362822868746,
          "std_metric": 0.051336197886760894,
          "sem_metric": 0.02295824563623568,
          "ci95_low": 0.20167546678166554,
          "ci95_high": 0.2916717896757094,
          "n": 5
        },
        {
          "tag": "level_k_l3",
          "mean_metric": 0.23681446933770642,
          "std_metric": 0.018427788837605326,
          "sem_metric": 0.008241157703179468,
          "ci95_low": 0.22066180023947465,
          "ci95_high": 0.25296713843593815,
          "n": 5
        },
        {
          "tag": "levelk_42207",
          "mean_metric": 0.23636376982737864,
          "std_metric": 0.017484032699246203,
          "sem_metric": 0.007819097127268729,
          "ci95_low": 0.22103833945793194,
          "ci95_high": 0.25168920019682534,
          "n": 5
        }
      ]
    },
    {
      "rule_profile": "baseline_v1",
      "objective": "first_place",
      "horizon": 5,
      "corr_mode": "respect",
      "metric_key": "first_place_rate",
      "winner": "meta_switch_soft",
      "winner_mean": 0.24653045503294757,
      "winner_std": 0.05250948937687233,
      "winner_sem": 0.02348295754209792,
      "winner_ci95_low": 0.20050385825043565,
      "winner_ci95_high": 0.2925570518154595,
      "winner_lcb": "level_k_l3",
      "winner_lcb_value": 0.20592757409072443,
      "runner_up": "levelk_base",
      "margin": 0.010794869456980438,
      "winner_vs_runner_pairwise_conf": 0.6,
      "top3": [
        {
          "tag": "meta_switch_soft",
          "mean_metric": 0.24653045503294757,
          "std_metric": 0.05250948937687233,
          "sem_metric": 0.02348295754209792,
          "ci95_low": 0.20050385825043565,
          "ci95_high": 0.2925570518154595,
          "n": 5
        },
        {
          "tag": "levelk_base",
          "mean_metric": 0.23573558557596713,
          "std_metric": 0.03830606949523329,
          "sem_metric": 0.01713099506843454,
          "ci95_low": 0.20215883524183542,
          "ci95_high": 0.26931233591009884,
          "n": 5
        },
        {
          "tag": "level_k_l3",
          "mean_metric": 0.23157709775075916,
          "std_metric": 0.029262284946085137,
          "sem_metric": 0.013086491663283026,
          "ci95_low": 0.20592757409072443,
          "ci95_high": 0.2572266214107939,
          "n": 5
        }
      ]
    },
    {
      "rule_profile": "baseline_v1",
      "objective": "first_place",
      "horizon": 10,
      "corr_mode": "herd",
      "metric_key": "first_place_rate",
      "winner": "level_k_l3",
      "winner_mean": 0.22186921351395933,
      "winner_std": 0.02930903264427884,
      "winner_sem": 0.01310739786947358,
      "winner_ci95_low": 0.19617871368979112,
      "winner_ci95_high": 0.24755971333812754,
      "winner_lcb": "bully",
      "winner_lcb_value": 0.20579073339256396,
      "runner_up": "bully",
      "margin": 0.0011518499024778528,
      "winner_vs_runner_pairwise_conf": 0.4,
      "top3": [
        {
          "tag": "level_k_l3",
          "mean_metric": 0.22186921351395933,
          "std_metric": 0.02930903264427884,
          "sem_metric": 0.01310739786947358,
          "ci95_low": 0.19617871368979112,
          "ci95_high": 0.24755971333812754,
          "n": 5
        },
        {
          "tag": "bully",
          "mean_metric": 0.22071736361148148,
          "std_metric": 0.017029061145154165,
          "sem_metric": 0.007615627662713025,
          "ci95_low": 0.20579073339256396,
          "ci95_high": 0.235643993830399,
          "n": 5
        },
        {
          "tag": "levelk_207605",
          "mean_metric": 0.2192066821378293,
          "std_metric": 0.02719051138432295,
          "sem_metric": 0.012159966359665604,
          "ci95_low": 0.1953731480728847,