{
  "objective": "ev",
  "n_tables": 220,
  "n_games": 10,
  "rule_profile": "baseline_v1",
  "correlation": {
    "mode": "none",
    "strength": 0.0,
    "pairs": []
  },
  "heroes": [
    {
      "hero": "equity_evolved_v1",
      "samples": 2200,
      "tables": 220,
      "n_games_per_table": 10,
      "mean_pnl": 220.20454545454547,
      "first_place_rate": 0.8318181818181818,
      "p10_pnl": 110.0,
      "p50_pnl": 209.0,
      "p90_pnl": 348.0,
      "avg_rank": 1.1904545454545454,
      "seat_counts": [
        52,
        34,
        36,
        58,
        40
      ]
    },
    {
      "hero": "meta_switch",
      "samples": 2200,
      "tables": 220,
      "n_games_per_table": 10,
      "mean_pnl": 209.1081818181818,
      "first_place_rate": 0.7890909090909091,
      "p10_pnl": 79.0,
      "p50_pnl": 206.0,
      "p90_pnl": 336.0,
      "avg_rank": 1.2704545454545455,
      "seat_counts": [
        46,
        37,
        36,
        43,
        58
      ]
    },
    {
      "hero": "conservative_plus",
      "samples": 2200,
      "tables": 220,
      "n_games_per_table": 10,
      "mean_pnl": 202.63727272727272,
      "first_place_rate": 0.7809090909090909,
      "p10_pnl": 70.0,
      "p50_pnl": 194.0,
      "p90_pnl": 324.0,
      "avg_rank": 1.2827272727272727,
      "seat_counts": [
        47,
        31,
        52,
        49,
        41
      ]
    },
    {
      "hero": "equity_sniper_ultra",
      "samples": 2200,
      "tables": 220,
      "n_games_per_table": 10,
      "mean_pnl": 190.51090909090908,
      "first_place_rate": 0.7581818181818182,
      "p10_pnl": 50.0,
      "p50_pnl": 191.0,
      "p90_pnl": 319.0,
      "avg_rank": 1.3436363636363637,
      "seat_counts": [
        49,
        44,
        37,
        39,
        51
      ]
    }
  ]
}