{
  "objective": "ev",
  "n_tables": 180,
  "n_games": 10,
  "rule_profile": "baseline_v1",
  "correlation": {
    "mode": "herd",
    "strength": 0.35,
    "pairs": [
      [
        1,
        2
      ]
    ]
  },
  "heroes": [
    {
      "hero": "equity_evolved_v1",
      "samples": 1800,
      "tables": 180,
      "n_games_per_table": 10,
      "mean_pnl": 53.565555555555555,
      "first_place_rate": 0.2788888888888889,
      "p10_pnl": -40.0,
      "p50_pnl": 40.0,
      "p90_pnl": 158.0,
      "avg_rank": 2.1944444444444446,
      "seat_counts": [
        36,
        44,
        32,
        32,
        36
      ]
    },
    {
      "hero": "meta_switch",
      "samples": 1800,
      "tables": 180,
      "n_games_per_table": 10,
      "mean_pnl": 50.0,
      "first_place_rate": 0.22333333333333333,
      "p10_pnl": -39.0,
      "p50_pnl": 27.0,
      "p90_pnl": 171.0,
      "avg_rank": 2.531111111111111,
      "seat_counts": [
        59,
        49,
        36,
        23,
        13
      ]
    },
    {
      "hero": "equity_sniper_ultra",
      "samples": 1800,
      "tables": 180,
      "n_games_per_table": 10,
      "mean_pnl": 45.19611111111111,
      "first_place_rate": 0.19777777777777777,
      "p10_pnl": -41.0,
      "p50_pnl": 23.0,
      "p90_pnl": 157.0,
      "avg_rank": 2.6105555555555555,
      "seat_counts": [
        67,
        44,
        36,
        24,
        9
      ]
    },
    {
      "hero": "conservative_plus",
      "samples": 1800,
      "tables": 180,
      "n_games_per_table": 10,
      "mean_pnl": 37.85611111111111,
      "first_place_rate": 0.19,
      "p10_pnl": -48.0,
      "p50_pnl": 11.0,
      "p90_pnl": 174.0,
      "avg_rank": 2.706111111111111,
      "seat_counts": [
        34,
        34,
        30,
        32,
        50
      ]
    }
  ]
}