{
  "objective": "robustness",
  "n_tables": 60,
  "n_games": 10,
  "rule_profile": "baseline_v1",
  "correlation": {
    "mode": "respect",
    "strength": 0.35,
    "pairs": [
      [
        1,
        2
      ]
    ]
  },
  "heroes": [
    {
      "hero": "research_logs/generated_strategies/equity_auto_023.py",
      "samples": 600,
      "tables": 60,
      "n_games_per_table": 10,
      "mean_pnl": 221.04666666666665,
      "first_place_rate": 0.81,
      "p10_pnl": 109.0,
      "p50_pnl": 221.0,
      "p90_pnl": 345.0,
      "avg_rank": 1.24,
      "seat_counts": [
        13,
        12,
        10,
        14,
        11
      ]
    },
    {
      "hero": "research_logs/generated_strategies/equity_auto_016.py",
      "samples": 600,
      "tables": 60,
      "n_games_per_table": 10,
      "mean_pnl": 216.75833333333333,
      "first_place_rate": 0.8033333333333333,
      "p10_pnl": 78.0,
      "p50_pnl": 222.0,
      "p90_pnl": 333.0,
      "avg_rank": 1.2433333333333334,
      "seat_counts": [
        19,
        9,
        7,
        14,
        11
      ]
    },
    {
      "hero": "equity_sniper_ultra",
      "samples": 600,
      "tables": 60,
      "n_games_per_table": 10,
      "mean_pnl": 190.85833333333332,
      "first_place_rate": 0.7533333333333333,
      "p10_pnl": 53.0,
      "p50_pnl": 191.0,
      "p90_pnl": 306.0,
      "avg_rank": 1.3266666666666667,
      "seat_counts": [
        11,
        17,
        11,
        7,
        14
      ]
    },
    {
      "hero": "conservative_plus",
      "samples": 600,
      "tables": 60,
      "n_games_per_table": 10,
      "mean_pnl": 187.83,
      "first_place_rate": 0.7216666666666667,
      "p10_pnl": 66.0,
      "p50_pnl": 193.0,
      "p90_pnl": 291.0,
      "avg_rank": 1.35,
      "seat_counts": [
        16,
        5,
        14,
        15,
        10
      ]
    }
  ]
}