{
  "objective": "ev",
  "n_tables": 60,
  "n_games": 10,
  "rule_profile": "baseline_v1",
  "correlation": {
    "mode": "herd",
    "strength": 0.3,
    "pairs": [
      [
        2,
        3
      ]
    ]
  },
  "heroes": [
    {
      "hero": "research_logs/generated_strategies/equity_auto_016.py",
      "samples": 600,
      "tables": 60,
      "n_games_per_table": 10,
      "mean_pnl": 221.275,
      "first_place_rate": 0.82,
      "p10_pnl": 100.0,
      "p50_pnl": 227.0,
      "p90_pnl": 335.0,
      "avg_rank": 1.2066666666666668,
      "seat_counts": [
        19,
        9,
        7,
        14,
        11
      ]
    },
    {
      "hero": "research_logs/generated_strategies/equity_auto_023.py",
      "samples": 600,
      "tables": 60,
      "n_games_per_table": 10,
      "mean_pnl": 214.67666666666668,
      "first_place_rate": 0.7833333333333333,
      "p10_pnl": 105.0,
      "p50_pnl": 215.0,
      "p90_pnl": 330.0,
      "avg_rank": 1.2416666666666667,
      "seat_counts": [
        13,
        12,
        10,
        14,
        11
      ]
    },
    {
      "hero": "conservative_plus",
      "samples": 600,
      "tables": 60,
      "n_games_per_table": 10,
      "mean_pnl": 192.85,
      "first_place_rate": 0.7683333333333333,
      "p10_pnl": 70.0,
      "p50_pnl": 192.0,
      "p90_pnl": 309.0,
      "avg_rank": 1.3183333333333334,
      "seat_counts": [
        16,
        5,
        14,
        15,
        10
      ]
    },
    {
      "hero": "equity_sniper_ultra",
      "samples": 600,
      "tables": 60,
      "n_games_per_table": 10,
      "mean_pnl": 187.11166666666668,
      "first_place_rate": 0.7616666666666667,
      "p10_pnl": 68.0,
      "p50_pnl": 185.0,
      "p90_pnl": 304.0,
      "avg_rank": 1.3183333333333334,
      "seat_counts": [
        11,
        17,
        11,
        7,
        14
      ]
    }
  ]
}