{
  "objective": "robustness",
  "n_tables": 60,
  "n_games": 10,
  "rule_profile": "baseline_v1",
  "correlation": {
    "mode": "none",
    "strength": 0.0,
    "pairs": []
  },
  "heroes": [
    {
      "hero": "research_logs/generated_strategies/equity_auto_016.py",
      "samples": 600,
      "tables": 60,
      "n_games_per_table": 10,
      "mean_pnl": 229.375,
      "first_place_rate": 0.8283333333333334,
      "p10_pnl": 98.0,
      "p50_pnl": 232.0,
      "p90_pnl": 356.0,
      "avg_rank": 1.1866666666666668,
      "seat_counts": [
        19,
        9,
        7,
        14,
        11
      ]
    },
    {
      "hero": "research_logs/generated_strategies/equity_auto_023.py",
      "samples": 600,
      "tables": 60,
      "n_games_per_table": 10,
      "mean_pnl": 226.76666666666668,
      "first_place_rate": 0.845,
      "p10_pnl": 106.0,
      "p50_pnl": 229.0,
      "p90_pnl": 351.0,
      "avg_rank": 1.1883333333333332,
      "seat_counts": [
        13,
        12,
        10,
        14,
        11
      ]
    },
    {
      "hero": "conservative_plus",
      "samples": 600,
      "tables": 60,
      "n_games_per_table": 10,
      "mean_pnl": 200.52333333333334,
      "first_place_rate": 0.7783333333333333,
      "p10_pnl": 69.0,
      "p50_pnl": 193.0,
      "p90_pnl": 320.0,
      "avg_rank": 1.2816666666666667,
      "seat_counts": [
        16,
        5,
        14,
        15,
        10
      ]
    },
    {
      "hero": "equity_sniper_ultra",
      "samples": 600,
      "tables": 60,
      "n_games_per_table": 10,
      "mean_pnl": 196.71666666666667,
      "first_place_rate": 0.7666666666666667,
      "p10_pnl": 64.0,
      "p50_pnl": 193.0,
      "p90_pnl": 324.0,
      "avg_rank": 1.3066666666666666,
      "seat_counts": [
        11,
        17,
        11,
        7,
        14
      ]
    }
  ]
}