{
  "objective": "robustness",
  "n_tables": 60,
  "n_games": 10,
  "rule_profile": "baseline_v1",
  "correlation": {
    "mode": "herd",
    "strength": 0.3,
    "pairs": [
      [
        2,
        3
      ]
    ]
  },
  "heroes": [
    {
      "hero": "research_logs/generated_strategies/equity_auto_016.py",
      "samples": 600,
      "tables": 60,
      "n_games_per_table": 10,
      "mean_pnl": 90.855,
      "first_place_rate": 0.43666666666666665,
      "p10_pnl": -13.0,
      "p50_pnl": 75.0,
      "p90_pnl": 225.0,
      "avg_rank": 1.7866666666666666,
      "seat_counts": [
        19,
        9,
        7,
        14,
        11
      ]
    },
    {
      "hero": "research_logs/generated_strategies/equity_auto_023.py",
      "samples": 600,
      "tables": 60,
      "n_games_per_table": 10,
      "mean_pnl": 80.58333333333333,
      "first_place_rate": 0.35333333333333333,
      "p10_pnl": -4.0,
      "p50_pnl": 73.0,
      "p90_pnl": 172.0,
      "avg_rank": 1.8733333333333333,
      "seat_counts": [
        13,
        12,
        10,
        14,
        11
      ]
    },
    {
      "hero": "conservative_plus",
      "samples": 600,
      "tables": 60,
      "n_games_per_table": 10,
      "mean_pnl": 66.88166666666666,
      "first_place_rate": 0.315,
      "p10_pnl": -32.0,
      "p50_pnl": 39.0,
      "p90_pnl": 203.0,
      "avg_rank": 2.2333333333333334,
      "seat_counts": [
        18,
        6,
        16,
        13,
        7
      ]
    },
    {
      "hero": "equity_sniper_ultra",
      "samples": 600,
      "tables": 60,
      "n_games_per_table": 10,
      "mean_pnl": 59.64833333333333,
      "first_place_rate": 0.28,
      "p10_pnl": -28.0,
      "p50_pnl": 35.0,
      "p90_pnl": 190.0,
      "avg_rank": 2.2783333333333333,
      "seat_counts": [
        19,
        19,
        5,
        6,
        11
      ]
    }
  ]
}