{
  "objective": "robustness",
  "n_tables": 60,
  "n_games": 10,
  "rule_profile": "baseline_v1",
  "correlation": {
    "mode": "respect",
    "strength": 0.35,
    "pairs": [
      [
        1,
        2
      ]
    ]
  },
  "heroes": [
    {
      "hero": "research_logs/generated_strategies/equity_auto_016.py",
      "samples": 600,
      "tables": 60,
      "n_games_per_table": 10,
      "mean_pnl": 98.07333333333334,
      "first_place_rate": 0.43166666666666664,
      "p10_pnl": -16.0,
      "p50_pnl": 79.0,
      "p90_pnl": 236.0,
      "avg_rank": 1.8166666666666667,
      "seat_counts": [
        19,
        9,
        7,
        14,
        11
      ]
    },
    {
      "hero": "research_logs/generated_strategies/equity_auto_023.py",
      "samples": 600,
      "tables": 60,
      "n_games_per_table": 10,
      "mean_pnl": 88.00666666666666,
      "first_place_rate": 0.39166666666666666,
      "p10_pnl": -4.0,
      "p50_pnl": 83.0,
      "p90_pnl": 194.0,
      "avg_rank": 1.805,
      "seat_counts": [
        13,
        12,
        10,
        14,
        11
      ]
    },
    {
      "hero": "equity_sniper_ultra",
      "samples": 600,
      "tables": 60,
      "n_games_per_table": 10,
      "mean_pnl": 66.85166666666667,
      "first_place_rate": 0.2866666666666667,
      "p10_pnl": -32.0,
      "p50_pnl": 42.0,
      "p90_pnl": 207.0,
      "avg_rank": 2.2483333333333335,
      "seat_counts": [
        19,
        19,
        5,
        6,
        11
      ]
    },
    {
      "hero": "conservative_plus",
      "samples": 600,
      "tables": 60,
      "n_games_per_table": 10,
      "mean_pnl": 63.81166666666667,
      "first_place_rate": 0.27,
      "p10_pnl": -34.0,
      "p50_pnl": 37.0,
      "p90_pnl": 193.0,
      "avg_rank": 2.2733333333333334,
      "seat_counts": [
        18,
        6,
        16,
        13,
        7
      ]
    }
  ]
}