{
  "objective": "robustness",
  "n_tables": 60,
  "n_games": 10,
  "rule_profile": "baseline_v1",
  "correlation": {
    "mode": "none",
    "strength": 0.0,
    "pairs": []
  },
  "heroes": [
    {
      "hero": "research_logs/generated_strategies/equity_auto_023.py",
      "samples": 600,
      "tables": 60,
      "n_games_per_table": 10,
      "mean_pnl": 52.73833333333334,
      "first_place_rate": 0.3283333333333333,
      "p10_pnl": -32.0,
      "p50_pnl": 32.0,
      "p90_pnl": 146.0,
      "avg_rank": 1.9216666666666666,
      "seat_counts": [
        13,
        13,
        10,
        12,
        12
      ]
    },
    {
      "hero": "research_logs/generated_strategies/equity_auto_016.py",
      "samples": 600,
      "tables": 60,
      "n_games_per_table": 10,
      "mean_pnl": 38.92666666666667,
      "first_place_rate": 0.2683333333333333,
      "p10_pnl": -45.0,
      "p50_pnl": 21.0,
      "p90_pnl": 140.0,
      "avg_rank": 2.0933333333333333,
      "seat_counts": [
        15,
        13,
        15,
        7,
        10
      ]
    },
    {
      "hero": "conservative_plus",
      "samples": 600,
      "tables": 60,
      "n_games_per_table": 10,
      "mean_pnl": 23.66,
      "first_place_rate": 0.19833333333333333,
      "p10_pnl": -54.0,
      "p50_pnl": -5.0,
      "p90_pnl": 202.0,
      "avg_rank": 2.5166666666666666,
      "seat_counts": [
        22,
        10,
        11,
        9,
        8
      ]
    },
    {
      "hero": "equity_sniper_ultra",
      "samples": 600,
      "tables": 60,
      "n_games_per_table": 10,
      "mean_pnl": 17.63,
      "first_place_rate": 0.20166666666666666,
      "p10_pnl": -63.0,
      "p50_pnl": -7.0,
      "p90_pnl": 167.0,
      "avg_rank": 2.5366666666666666,
      "seat_counts": [
        16,
        22,
        8,
        5,
        9
      ]
    }
  ]
}