{
  "objective": "ev",
  "n_tables": 60,
  "n_games": 10,
  "rule_profile": "baseline_v1",
  "correlation": {
    "mode": "herd",
    "strength": 0.3,
    "pairs": [
      [
        2,
        3
      ]
    ]
  },
  "heroes": [
    {
      "hero": "research_logs/generated_strategies/equity_auto_023.py",
      "samples": 600,
      "tables": 60,
      "n_games_per_table": 10,
      "mean_pnl": 49.24333333333333,
      "first_place_rate": 0.32666666666666666,
      "p10_pnl": -35.0,
      "p50_pnl": 30.0,
      "p90_pnl": 145.0,
      "avg_rank": 1.9733333333333334,
      "seat_counts": [
        13,
        13,
        10,
        12,
        12
      ]
    },
    {
      "hero": "research_logs/generated_strategies/equity_auto_016.py",
      "samples": 600,
      "tables": 60,
      "n_games_per_table": 10,
      "mean_pnl": 34.21333333333333,
      "first_place_rate": 0.23833333333333334,
      "p10_pnl": -48.0,
      "p50_pnl": 18.0,
      "p90_pnl": 129.0,
      "avg_rank": 2.195,
      "seat_counts": [
        15,
        13,
        15,
        7,
        10
      ]
    },
    {
      "hero": "conservative_plus",
      "samples": 600,
      "tables": 60,
      "n_games_per_table": 10,
      "mean_pnl": 15.191666666666666,
      "first_place_rate": 0.16833333333333333,
      "p10_pnl": -61.0,
      "p50_pnl": -8.0,
      "p90_pnl": 166.0,
      "avg_rank": 2.6683333333333334,
      "seat_counts": [
        22,
        10,
        11,
        9,
        8
      ]
    },
    {
      "hero": "equity_sniper_ultra",
      "samples": 600,
      "tables": 60,
      "n_games_per_table": 10,
      "mean_pnl": 14.183333333333334,
      "first_place_rate": 0.18,
      "p10_pnl": -60.0,
      "p50_pnl": -14.0,
      "p90_pnl": 172.0,
      "avg_rank": 2.6666666666666665,
      "seat_counts": [
        16,
        22,
        8,
        5,
        9
      ]
    }
  ]
}