{
  "objective": "ev",
  "metric_key": "expected_pnl",
  "generations": 3,
  "population_size": 10,
  "survivors": 3,
  "n_matches": 25,
  "n_games_per_match": 10,
  "rule_profile": "top2_split",
  "correlation": {
    "mode": "herd",
    "strength": 0.3,
    "pairs": [
      [
        3,
        4
      ]
    ]
  },
  "top_candidates": [
    {
      "generation": 0,
      "seed": 20560330,
      "objective": "ev",
      "rule_profile": "top2_split",
      "candidate": "seller_extraction:opportunistic_delta=5200,reserve_bid_floor=0.115,sell_count=1",
      "metrics": {
        "tag": "seller_extraction:opportunistic_delta=5200,reserve_bid_floor=0.115,sell_count=1",
        "samples": 180,
        "expected_pnl": 235.31666666666666,
        "first_place_rate": 0.8666666666666667,
        "robustness": 235.31666666666666,
        "composites": {
          "balanced_50_30_20": 190.72166666666666,
          "upside_60_30_10": 190.72166666666666,
          "robust_40_20_40": 205.58666666666667
        }
      }
    },
    {
      "generation": 1,
      "seed": 20570344,
      "objective": "ev",
      "rule_profile": "top2_split",
      "candidate": "seller_extraction:opportunistic_delta=3100,reserve_bid_floor=0.137,sell_count=2",
      "metrics": {
        "tag": "seller_extraction:opportunistic_delta=3100,reserve_bid_floor=0.137,sell_count=2",
        "samples": 180,
        "expected_pnl": 234.38333333333333,
        "first_place_rate": 0.8555555555555555,
        "robustness": 234.38333333333333,
        "composites": {
          "balanced_50_30_20": 189.73499999999999,
          "upside_60_30_10": 189.73499999999999,
          "robust_40_20_40": 204.61777777777777
        }
      }
    },
    {
      "generation": 1,
      "seed": 20570343,
      "objective": "ev",
      "rule_profile": "top2_split",
      "candidate": "seller_extraction:opportunistic_delta=5200,reserve_bid_floor=0.105,sell_count=1",
      "metrics": {
        "tag": "seller_extraction:opportunistic_delta=5200,reserve_bid_floor=0.105,sell_count=1",
        "samples": 150,
        "expected_pnl": 232.06666666666666,
        "first_place_rate": 0.9133333333333333,
        "robustness": 232.06666666666666,
        "composites": {
          "balanced_50_30_20": 189.84666666666666,
          "upside_60_30_10": 189.84666666666666,
          "robust_40_20_40": 203.92000000000002
        }
      }
    },
    {
      "generation": 0,
      "seed": 20560331,
      "objective": "ev",
      "rule_profile": "top2_split",
      "candidate": "seller_extraction:opportunistic_delta=1700,reserve_bid_floor=0.158,sell_count=1",
      "metrics": {
        "tag": "seller_extraction:opportunistic_delta=1700,reserve_bid_floor=0.158,sell_count=1",
        "samples": 170,
        "expected_pnl": 230.2764705882353,
        "first_place_rate": 0.8,
        "robustness": 230.2764705882353,
        "composites": {
          "balanced_50_30_20": 185.1935294117647,
          "upside_60_30_10": 185.1935294117647,
          "robust_40_20_40": 200.22117647058826
        }
      }
    },
    {
      "generation": 0,
      "seed": 20560334,
      "objective": "ev",
      "rule_profile": "top2_split",
      "candidate": "seller_extraction:opportunistic_delta=3100,reserve_bid_floor=0.137,sell_count=1",
      "metrics": {
        "tag": "seller_extraction:opportunistic_delta=3100,reserve_bid_floor=0.137,sell_count=1",
        "samples": 160,
        "expected_pnl": 229.675,
        "first_place_rate": 0.86875,
        "robustness": 229.675,
        "composites": {
          "balanced_50_30_20": 186.835,
          "upside_60_30_10": 186.835,
          "robust_40_20_40": 201.115
        }
      }
    },
    {
      "generation": 1,
      "seed": 20570349,
      "objective": "ev",
      "rule_profile": "top2_split",
      "candidate": "seller_extraction:opportunistic_delta=5200,reserve_bid_floor=0.115,sell_count=2",
      "metrics": {
        "tag": "seller_extraction:opportunistic_delta=5200,reserve_bid_floor=0.115,sell_count=2",
        "samples": 170,
        "expected_pnl": 227.08823529411765,
        "first_place_rate": 0.8,
        "robustness": 227.08823529411765,
        "composites": {
          "balanced_50_30_20": 182.9617647058824,
          "upside_60_30_10": 182.96176470588236,
          "robust_40_20_40": 197.67058823529413
        }
      }
    },
    {
      "generation": 1,
      "seed": 20570347,
      "objective": "ev",
      "rule_profile": "top2_split",
      "candidate": "seller_extraction:opportunistic_delta=5200,reserve_bid_floor=0.115,sell_count=2",
      "metrics": {
        "tag": "seller_extraction:opportunistic_delta=5200,reserve_bid_floor=0.115,sell_count=2",
        "samples": 140,
        "expected_pnl": 225.86428571428573,
        "first_place_rate": 0.9428571428571428,
        "robustness": 225.86428571428573,
        "composites": {
          "balanced_50_30_20": 186.3907142857143,
          "upside_60_30_10": 186.39071428571427,
          "robust_40_20_40": 199.54857142857145
        }
      }
    },
    {
      "generation": 2,
      "seed": 20580351,
      "objective": "ev",
      "rule_profile": "top2_split",
      "candidate": "seller_extraction:opportunistic_delta=5200,reserve_bid_floor=0.119,sell_count=2",
      "metrics": {
        "tag": "seller_extraction:opportunistic_delta=5200,reserve_bid_floor=0.119,sell_count=2",
        "samples": 180,
        "expected_pnl": 212.7277777777778,
        "first_place_rate": 0.8388888888888889,
        "robustness": 212.7277777777778,
        "composites": {
          "balanced_50_30_20": 174.07611111111112,
          "upside_60_30_10": 174.07611111111112,
          "robust_40_20_40": 186.96000000000004
        }
      }
    },
    {
      "generation": 2,
      "seed": 20580355,
      "objective": "ev",
      "rule_profile": "top2_split",
      "candidate": "seller_extraction:opportunistic_delta=5200,reserve_bid_floor=0.116,sell_count=1",
      "metrics": {
        "tag": "seller_extraction:opportunistic_delta=5200,reserve_bid_floor=0.116,sell_count=1",
        "samples": 150,
        "expected_pnl": 212.72,
        "first_place_rate": 0.86,
        "robustness": 212.72,
        "composites": {
          "balanced_50_30_20": 174.704,
          "upside_60_30_10": 174.70399999999998,
          "robust_40_20_40": 187.37600000000003
        }
      }
    },
    {
      "generation": 2,
      "seed": 20580350,
      "objective": "ev",
      "rule_profile": "top2_split",
      "candidate": "seller_extraction:opportunistic_delta=3100,reserve_bid_floor=0.137,sell_count=1",
      "metrics": {
        "tag": "seller_extraction:opportunistic_delta=3100,reserve_bid_floor=0.137,sell_count=1",
        "samples": 150,
        "expected_pnl": 209.30666666666667,
        "first_place_rate": 0.8266666666666667,
        "robustness": 209.30666666666667,
        "composites": {
          "balanced_50_30_20": 171.31466666666668,
          "upside_60_30_10": 171.31466666666668,
          "robust_40_20_40": 183.97866666666667
        }
      }
    }
  ],
  "jsonl_path": "/opt/soldem/out/evolution_runs.jsonl",
  "worker_idx": 3,
  "seed": 20560330,
  "job_args": "--generations 3 --population-size 10 --survivors 3 --n-matches 25 --n-games-per-match 10 --rule-profile top2_split --objective ev --correlation-mode herd --correlation-strength 0.30 --correlation-pairs 3-4"
}