{
  "objective": "robustness",
  "metric_key": "robustness",
  "generations": 5,
  "population_size": 14,
  "survivors": 4,
  "n_matches": 50,
  "n_games_per_match": 10,
  "rule_profile": "baseline_v1",
  "correlation": {
    "mode": "respect",
    "strength": 0.35,
    "pairs": [
      [
        1,
        2
      ]
    ]
  },
  "top_candidates": [
    {
      "generation": 3,
      "seed": 20790384,
      "objective": "robustness",
      "rule_profile": "baseline_v1",
      "candidate": "seller_extraction:opportunistic_delta=3000,reserve_bid_floor=0.118,sell_count=2",
      "metrics": {
        "tag": "seller_extraction:opportunistic_delta=3000,reserve_bid_floor=0.118,sell_count=2",
        "samples": 330,
        "expected_pnl": 236.4212121212121,
        "first_place_rate": 0.803030303030303,
        "robustness": 236.4212121212121,
        "composites": {
          "balanced_50_30_20": 189.58575757575755,
          "upside_60_30_10": 189.58575757575755,
          "robust_40_20_40": 205.19757575757575
        }
      }
    },
    {
      "generation": 3,
      "seed": 20790374,
      "objective": "robustness",
      "rule_profile": "baseline_v1",
      "candidate": "seller_extraction:opportunistic_delta=3300,reserve_bid_floor=0.118,sell_count=2",
      "metrics": {
        "tag": "seller_extraction:opportunistic_delta=3300,reserve_bid_floor=0.118,sell_count=2",
        "samples": 280,
        "expected_pnl": 235.18214285714285,
        "first_place_rate": 0.7642857142857142,
        "robustness": 235.18214285714285,
        "composites": {
          "balanced_50_30_20": 187.55607142857144,
          "upside_60_30_10": 187.5560714285714,
          "robust_40_20_40": 203.43142857142857
        }
      }
    },
    {
      "generation": 4,
      "seed": 20800397,
      "objective": "robustness",
      "rule_profile": "baseline_v1",
      "candidate": "seller_extraction:opportunistic_delta=4300,reserve_bid_floor=0.023,sell_count=2",
      "metrics": {
        "tag": "seller_extraction:opportunistic_delta=4300,reserve_bid_floor=0.023,sell_count=2",
        "samples": 310,
        "expected_pnl": 234.7741935483871,
        "first_place_rate": 0.8548387096774194,
        "robustness": 234.7741935483871,
        "composites": {
          "balanced_50_30_20": 189.98709677419356,
          "upside_60_30_10": 189.98709677419356,
          "robust_40_20_40": 204.91612903225808
        }
      }
    },
    {
      "generation": 2,
      "seed": 20780362,
      "objective": "robustness",
      "rule_profile": "baseline_v1",
      "candidate": "seller_extraction:opportunistic_delta=3100,reserve_bid_floor=0.118,sell_count=2",
      "metrics": {
        "tag": "seller_extraction:opportunistic_delta=3100,reserve_bid_floor=0.118,sell_count=2",
        "samples": 350,
        "expected_pnl": 234.6742857142857,
        "first_place_rate": 0.8314285714285714,
        "robustness": 234.6742857142857,
        "composites": {
          "balanced_50_30_20": 189.21485714285714,
          "upside_60_30_10": 189.21485714285714,
          "robust_40_20_40": 204.368
        }
      }
    },
    {
      "generation": 4,
      "seed": 20800388,
      "objective": "robustness",
      "rule_profile": "baseline_v1",
      "candidate": "seller_extraction:opportunistic_delta=2700,reserve_bid_floor=0.101,sell_count=2",
      "metrics": {
        "tag": "seller_extraction:opportunistic_delta=2700,reserve_bid_floor=0.101,sell_count=2",
        "samples": 320,
        "expected_pnl": 230.459375,
        "first_place_rate": 0.70625,
        "robustness": 230.459375,
        "composites": {
          "balanced_50_30_20": 182.50906250000003,
          "upside_60_30_10": 182.5090625,
          "robust_40_20_40": 198.4925
        }
      }
    },
    {
      "generation": 4,
      "seed": 20800394,
      "objective": "robustness",
      "rule_profile": "baseline_v1",
      "candidate": "seller_extraction:opportunistic_delta=2600,reserve_bid_floor=0.118,sell_count=2",
      "metrics": {
        "tag": "seller_extraction:opportunistic_delta=2600,reserve_bid_floor=0.118,sell_count=2",
        "samples": 340,
        "expected_pnl": 228.31470588235294,
        "first_place_rate": 0.7676470588235295,
        "robustness": 228.31470588235294,
        "composites": {
          "balanced_50_30_20": 182.84970588235294,
          "upside_60_30_10": 182.84970588235294,
          "robust_40_20_40": 198.00470588235294
        }
      }
    },
    {
      "generation": 3,
      "seed": 20790382,
      "objective": "robustness",
      "rule_profile": "baseline_v1",
      "candidate": "seller_extraction:opportunistic_delta=2900,reserve_bid_floor=0.118,sell_count=2",
      "metrics": {
        "tag": "seller_extraction:opportunistic_delta=2900,reserve_bid_floor=0.118,sell_count=2",
        "samples": 300,
        "expected_pnl": 228.19666666666666,
        "first_place_rate": 0.7566666666666667,
        "robustness": 228.19666666666666,
        "composites": {
          "balanced_50_30_20": 182.43766666666664,
          "upside_60_30_10": 182.43766666666664,
          "robust_40_20_40": 197.6906666666667
        }
      }
    },
    {
      "generation": 3,
      "seed": 20790380,
      "objective": "robustness",
      "rule_profile": "baseline_v1",
      "candidate": "seller_extraction:opportunistic_delta=2700,reserve_bid_floor=0.101,sell_count=1",
      "metrics": {
        "tag": "seller_extraction:opportunistic_delta=2700,reserve_bid_floor=0.101,sell_count=1",
        "samples": 300,
        "expected_pnl": 226.71666666666667,
        "first_place_rate": 0.7566666666666667,
        "robustness": 226.71666666666667,
        "composites": {
          "balanced_50_30_20": 181.40166666666667,
          "upside_60_30_10": 181.40166666666664,
          "robust_40_20_40": 196.50666666666666
        }
      }
    },
    {
      "generation": 4,
      "seed": 20800395,
      "objective": "robustness",
      "rule_profile": "baseline_v1",
      "candidate": "seller_extraction:opportunistic_delta=2900,reserve_bid_floor=0.131,sell_count=2",
      "metrics": {
        "tag": "seller_extraction:opportunistic_delta=2900,reserve_bid_floor=0.131,sell_count=2",
        "samples": 370,
        "expected_pnl": 226.27027027027026,
        "first_place_rate": 0.7891891891891892,
        "robustness": 226.27027027027026,
        "composites": {
          "balanced_50_30_20": 182.06486486486486,
          "upside_60_30_10": 182.06486486486486,
          "robust_40_20_40": 196.8
        }
      }
    },
    {
      "generation": 3,
      "seed": 20790375,
      "objective": "robustness",
      "rule_profile": "baseline_v1",
      "candidate": "seller_extraction:opportunistic_delta=3000,reserve_bid_floor=0.117,sell_count=2",
      "metrics": {
        "tag": "seller_extraction:opportunistic_delta=3000,reserve_bid_floor=0.117,sell_count=2",
        "samples": 340,
        "expected_pnl": 225.13529411764705,
        "first_place_rate": 0.7558823529411764,
        "robustness": 225.13529411764705,
        "composites": {
          "balanced_50_30_20": 180.27117647058824,
          "upside_60_30_10": 180.27117647058822,
          "robust_40_20_40": 195.2258823529412
        }
      }
    }
  ],
  "jsonl_path": "/opt/soldem/out/evolution_runs.jsonl",
  "worker_idx": 5,
  "seed": 20760330,
  "job_args": "--generations 5 --population-size 14 --survivors 4 --n-matches 50 --n-games-per-match 10 --rule-profile baseline_v1 --objective robustness --correlation-mode respect --correlation-strength 0.35 --correlation-pairs 1-2"
}