{
  "objective": "ev",
  "metric_key": "expected_pnl",
  "generations": 5,
  "population_size": 14,
  "survivors": 4,
  "n_matches": 50,
  "n_games_per_match": 10,
  "rule_profile": "seller_self_bid",
  "correlation": {
    "mode": "kingmaker",
    "strength": 0.35,
    "pairs": [
      [
        0,
        1
      ]
    ]
  },
  "top_candidates": [
    {
      "generation": 4,
      "seed": 20900395,
      "objective": "ev",
      "rule_profile": "seller_self_bid",
      "candidate": "seller_extraction:opportunistic_delta=3100,reserve_bid_floor=0.038,sell_count=2",
      "metrics": {
        "tag": "seller_extraction:opportunistic_delta=3100,reserve_bid_floor=0.038,sell_count=2",
        "samples": 280,
        "expected_pnl": 251.10714285714286,
        "first_place_rate": 0.8857142857142857,
        "robustness": 251.10714285714286,
        "composites": {
          "balanced_50_30_20": 202.3464285714286,
          "upside_60_30_10": 202.34642857142856,
          "robust_40_20_40": 218.60000000000002
        }
      }
    },
    {
      "generation": 3,
      "seed": 20890379,
      "objective": "ev",
      "rule_profile": "seller_self_bid",
      "candidate": "seller_extraction:opportunistic_delta=3800,reserve_bid_floor=0.04,sell_count=2",
      "metrics": {
        "tag": "seller_extraction:opportunistic_delta=3800,reserve_bid_floor=0.04,sell_count=2",
        "samples": 390,
        "expected_pnl": 246.54358974358973,
        "first_place_rate": 0.8179487179487179,
        "robustness": 246.54358974358973,
        "composites": {
          "balanced_50_30_20": 197.11897435897436,
          "upside_60_30_10": 197.11897435897436,
          "robust_40_20_40": 213.59384615384616
        }
      }
    },
    {
      "generation": 4,
      "seed": 20900389,
      "objective": "ev",
      "rule_profile": "seller_self_bid",
      "candidate": "seller_extraction:opportunistic_delta=4100,reserve_bid_floor=0.04,sell_count=2",
      "metrics": {
        "tag": "seller_extraction:opportunistic_delta=4100,reserve_bid_floor=0.04,sell_count=2",
        "samples": 310,
        "expected_pnl": 245.61612903225807,
        "first_place_rate": 0.8741935483870967,
        "robustness": 245.61612903225807,
        "composites": {
          "balanced_50_30_20": 198.15709677419355,
          "upside_60_30_10": 198.15709677419355,
          "robust_40_20_40": 213.9767741935484
        }
      }
    },
    {
      "generation": 2,
      "seed": 20880363,
      "objective": "ev",
      "rule_profile": "seller_self_bid",
      "candidate": "seller_extraction:opportunistic_delta=3500,reserve_bid_floor=0.042,sell_count=2",
      "metrics": {
        "tag": "seller_extraction:opportunistic_delta=3500,reserve_bid_floor=0.042,sell_count=2",
        "samples": 360,
        "expected_pnl": 245.3972222222222,
        "first_place_rate": 0.85,
        "robustness": 245.3972222222222,
        "composites": {
          "balanced_50_30_20": 197.27805555555557,
          "upside_60_30_10": 197.27805555555554,
          "robust_40_20_40": 213.3177777777778
        }
      }
    },
    {
      "generation": 0,
      "seed": 20860337,
      "objective": "ev",
      "rule_profile": "seller_self_bid",
      "candidate": "seller_extraction:opportunistic_delta=4000,reserve_bid_floor=0.092,sell_count=2",
      "metrics": {
        "tag": "seller_extraction:opportunistic_delta=4000,reserve_bid_floor=0.092,sell_count=2",
        "samples": 290,
        "expected_pnl": 245.39310344827587,
        "first_place_rate": 0.8655172413793103,
        "robustness": 245.39310344827587,
        "composites": {
          "balanced_50_30_20": 197.74068965517242,
          "upside_60_30_10": 197.7406896551724,
          "robust_40_20_40": 213.6248275862069
        }
      }
    },
    {
      "generation": 2,
      "seed": 20880364,
      "objective": "ev",
      "rule_profile": "seller_self_bid",
      "candidate": "seller_extraction:opportunistic_delta=3900,reserve_bid_floor=0.042,sell_count=2",
      "metrics": {
        "tag": "seller_extraction:opportunistic_delta=3900,reserve_bid_floor=0.042,sell_count=2",
        "samples": 290,
        "expected_pnl": 244.26206896551724,
        "first_place_rate": 0.8344827586206897,
        "robustness": 244.26206896551724,
        "composites": {
          "balanced_50_30_20": 196.01793103448279,
          "upside_60_30_10": 196.01793103448276,
          "robust_40_20_40": 212.0993103448276
        }
      }
    },
    {
      "generation": 3,
      "seed": 20890375,
      "objective": "ev",
      "rule_profile": "seller_self_bid",
      "candidate": "seller_extraction:opportunistic_delta=3800,reserve_bid_floor=0.042,sell_count=2",
      "metrics": {
        "tag": "seller_extraction:opportunistic_delta=3800,reserve_bid_floor=0.042,sell_count=2",
        "samples": 300,
        "expected_pnl": 240.19666666666666,
        "first_place_rate": 0.87,
        "robustness": 240.19666666666666,
        "composites": {
          "balanced_50_30_20": 194.23766666666666,
          "upside_60_30_10": 194.23766666666666,
          "robust_40_20_40": 209.55733333333333
        }
      }
    },
    {
      "generation": 1,
      "seed": 20870347,
      "objective": "ev",
      "rule_profile": "seller_self_bid",
      "candidate": "seller_extraction:opportunistic_delta=3600,reserve_bid_floor=0.04,sell_count=1",
      "metrics": {
        "tag": "seller_extraction:opportunistic_delta=3600,reserve_bid_floor=0.04,sell_count=1",
        "samples": 290,
        "expected_pnl": 239.55517241379312,
        "first_place_rate": 0.8103448275862069,
        "robustness": 239.55517241379312,
        "composites": {
          "balanced_50_30_20": 191.9989655172414,
          "upside_60_30_10": 191.9989655172414,
          "robust_40_20_40": 207.85103448275862
        }
      }
    },
    {
      "generation": 2,
      "seed": 20880358,
      "objective": "ev",
      "rule_profile": "seller_self_bid",
      "candidate": "seller_extraction:opportunistic_delta=3100,reserve_bid_floor=0.036,sell_count=2",
      "metrics": {
        "tag": "seller_extraction:opportunistic_delta=3100,reserve_bid_floor=0.036,sell_count=2",
        "samples": 360,
        "expected_pnl": 239.39444444444445,
        "first_place_rate": 0.8277777777777777,
        "robustness": 239.39444444444445,
        "composites": {
          "balanced_50_30_20": 192.40944444444446,
          "upside_60_30_10": 192.40944444444443,
          "robust_40_20_40": 208.07111111111112
        }
      }
    },
    {
      "generation": 2,
      "seed": 20880359,
      "objective": "ev",
      "rule_profile": "seller_self_bid",
      "candidate": "seller_extraction:opportunistic_delta=3600,reserve_bid_floor=0.04,sell_count=2",
      "metrics": {
        "tag": "seller_extraction:opportunistic_delta=3600,reserve_bid_floor=0.04,sell_count=2",
        "samples": 250,
        "expected_pnl": 237.172,
        "first_place_rate": 0.82,
        "robustness": 237.172,
        "composites": {
          "balanced_50_30_20": 190.62040000000002,
          "upside_60_30_10": 190.6204,
          "robust_40_20_40": 206.13760000000002
        }
      }
    }
  ],
  "jsonl_path": "/opt/soldem/out/evolution_runs.jsonl",
  "worker_idx": 6,
  "seed": 20860330,
  "job_args": "--generations 5 --population-size 14 --survivors 4 --n-matches 50 --n-games-per-match 10 --rule-profile seller_self_bid --objective ev --correlation-mode kingmaker --correlation-strength 0.35 --correlation-pairs 0-1"
}