{
  "objective": "first_place",
  "metric_key": "first_place_rate",
  "generations": 5,
  "population_size": 14,
  "survivors": 4,
  "n_matches": 50,
  "n_games_per_match": 10,
  "rule_profile": "top2_split",
  "correlation": {
    "mode": "herd",
    "strength": 0.3,
    "pairs": [
      [
        3,
        4
      ]
    ]
  },
  "top_candidates": [
    {
      "generation": 3,
      "seed": 21290372,
      "objective": "first_place",
      "rule_profile": "top2_split",
      "candidate": "seller_extraction:opportunistic_delta=4000,reserve_bid_floor=0.035,sell_count=1",
      "metrics": {
        "tag": "seller_extraction:opportunistic_delta=4000,reserve_bid_floor=0.035,sell_count=1",
        "samples": 310,
        "expected_pnl": 236.79677419354837,
        "first_place_rate": 0.9548387096774194,
        "robustness": 236.79677419354837,
        "composites": {
          "balanced_50_30_20": 194.40290322580643,
          "upside_60_30_10": 194.40290322580645,
          "robust_40_20_40": 208.5341935483871
        }
      }
    },
    {
      "generation": 4,
      "seed": 21300399,
      "objective": "first_place",
      "rule_profile": "top2_split",
      "candidate": "seller_extraction:opportunistic_delta=4200,reserve_bid_floor=0.041,sell_count=1",
      "metrics": {
        "tag": "seller_extraction:opportunistic_delta=4200,reserve_bid_floor=0.041,sell_count=1",
        "samples": 290,
        "expected_pnl": 229.29655172413794,
        "first_place_rate": 0.9482758620689655,
        "robustness": 229.29655172413794,
        "composites": {
          "balanced_50_30_20": 188.95586206896553,
          "upside_60_30_10": 188.95586206896553,
          "robust_40_20_40": 202.40275862068967
        }
      }
    },
    {
      "generation": 2,
      "seed": 21280368,
      "objective": "first_place",
      "rule_profile": "top2_split",
      "candidate": "seller_extraction:opportunistic_delta=4000,reserve_bid_floor=0.041,sell_count=1",
      "metrics": {
        "tag": "seller_extraction:opportunistic_delta=4000,reserve_bid_floor=0.041,sell_count=1",
        "samples": 360,
        "expected_pnl": 241.65555555555557,
        "first_place_rate": 0.9444444444444444,
        "robustness": 241.65555555555557,
        "composites": {
          "balanced_50_30_20": 197.49222222222224,
          "upside_60_30_10": 197.49222222222224,
          "robust_40_20_40": 212.21333333333334
        }
      }
    },
    {
      "generation": 4,
      "seed": 21300395,
      "objective": "first_place",
      "rule_profile": "top2_split",
      "candidate": "seller_extraction:opportunistic_delta=3900,reserve_bid_floor=0.041,sell_count=1",
      "metrics": {
        "tag": "seller_extraction:opportunistic_delta=3900,reserve_bid_floor=0.041,sell_count=1",
        "samples": 290,
        "expected_pnl": 252.34137931034482,
        "first_place_rate": 0.9413793103448276,
        "robustness": 252.34137931034482,
        "composites": {
          "balanced_50_30_20": 204.88034482758619,
          "upside_60_30_10": 204.8803448275862,
          "robust_40_20_40": 220.70068965517243
        }
      }
    },
    {
      "generation": 4,
      "seed": 21300396,
      "objective": "first_place",
      "rule_profile": "top2_split",
      "candidate": "seller_extraction:opportunistic_delta=3100,reserve_bid_floor=0.043,sell_count=1",
      "metrics": {
        "tag": "seller_extraction:opportunistic_delta=3100,reserve_bid_floor=0.043,sell_count=1",
        "samples": 240,
        "expected_pnl": 233.475,
        "first_place_rate": 0.9333333333333333,
        "robustness": 233.475,
        "composites": {
          "balanced_50_30_20": 191.43249999999998,
          "upside_60_30_10": 191.43249999999998,
          "robust_40_20_40": 205.44666666666666
        }
      }
    },
    {
      "generation": 3,
      "seed": 21290375,
      "objective": "first_place",
      "rule_profile": "top2_split",
      "candidate": "seller_extraction:opportunistic_delta=4100,reserve_bid_floor=0.041,sell_count=1",
      "metrics": {
        "tag": "seller_extraction:opportunistic_delta=4100,reserve_bid_floor=0.041,sell_count=1",
        "samples": 340,
        "expected_pnl": 236.46764705882353,
        "first_place_rate": 0.9264705882352942,
        "robustness": 236.46764705882353,
        "composites": {
          "balanced_50_30_20": 193.3214705882353,
          "upside_60_30_10": 193.32147058823531,
          "robust_40_20_40": 207.70352941176472
        }
      }
    },
    {
      "generation": 3,
      "seed": 21290378,
      "objective": "first_place",
      "rule_profile": "top2_split",
      "candidate": "seller_extraction:opportunistic_delta=4000,reserve_bid_floor=0.036,sell_count=1",
      "metrics": {
        "tag": "seller_extraction:opportunistic_delta=4000,reserve_bid_floor=0.036,sell_count=1",
        "samples": 230,
        "expected_pnl": 238.48695652173913,
        "first_place_rate": 0.9260869565217391,
        "robustness": 238.48695652173913,
        "composites": {
          "balanced_50_30_20": 194.72347826086957,
          "upside_60_30_10": 194.72347826086954,
          "robust_40_20_40": 209.3113043478261
        }
      }
    },
    {
      "generation": 2,
      "seed": 21280371,
      "objective": "first_place",
      "rule_profile": "top2_split",
      "candidate": "seller_extraction:opportunistic_delta=3100,reserve_bid_floor=0.043,sell_count=1",
      "metrics": {
        "tag": "seller_extraction:opportunistic_delta=3100,reserve_bid_floor=0.043,sell_count=1",
        "samples": 310,
        "expected_pnl": 245.80967741935484,
        "first_place_rate": 0.9258064516129032,
        "robustness": 245.80967741935484,
        "composites": {
          "balanced_50_30_20": 199.8409677419355,
          "upside_60_30_10": 199.8409677419355,
          "robust_40_20_40": 215.16387096774196
        }
      }
    },
    {
      "generation": 3,
      "seed": 21290384,
      "objective": "first_place",
      "rule_profile": "top2_split",
      "candidate": "seller_extraction:opportunistic_delta=2800,reserve_bid_floor=0.043,sell_count=1",
      "metrics": {
        "tag": "seller_extraction:opportunistic_delta=2800,reserve_bid_floor=0.043,sell_count=1",
        "samples": 410,
        "expected_pnl": 222.2560975609756,
        "first_place_rate": 0.9219512195121952,
        "robustness": 222.2560975609756,
        "composites": {
          "balanced_50_30_20": 183.2378048780488,
          "upside_60_30_10": 183.23780487804876,
          "robust_40_20_40": 196.2439024390244
        }
      }
    },
    {
      "generation": 4,
      "seed": 21300398,
      "objective": "first_place",
      "rule_profile": "top2_split",
      "candidate": "seller_extraction:opportunistic_delta=4000,reserve_bid_floor=0.034,sell_count=1",
      "metrics": {
        "tag": "seller_extraction:opportunistic_delta=4000,reserve_bid_floor=0.034,sell_count=1",
        "samples": 290,
        "expected_pnl": 209.25862068965517,
        "first_place_rate": 0.9206896551724137,
        "robustness": 209.25862068965517,
        "composites": {
          "balanced_50_30_20": 174.10172413793103,
          "upside_60_30_10": 174.10172413793103,
          "robust_40_20_40": 185.82068965517243
        }
      }
    }
  ],
  "jsonl_path": "/opt/soldem/out/evolution_runs.jsonl",
  "worker_idx": 10,
  "seed": 21260330,
  "job_args": "--generations 5 --population-size 14 --survivors 4 --n-matches 50 --n-games-per-match 10 --rule-profile top2_split --objective first_place --correlation-mode herd --correlation-strength 0.30 --correlation-pairs 3-4"
}