{
  "objective": "first_place",
  "metric_key": "first_place_rate",
  "generations": 5,
  "population_size": 14,
  "survivors": 4,
  "n_matches": 50,
  "n_games_per_match": 10,
  "rule_profile": "baseline_v1",
  "correlation": {
    "mode": "respect",
    "strength": 0.35,
    "pairs": [
      [
        1,
        2
      ]
    ]
  },
  "top_candidates": [
    {
      "generation": 4,
      "seed": 20700392,
      "objective": "first_place",
      "rule_profile": "baseline_v1",
      "candidate": "seller_extraction:opportunistic_delta=3600,reserve_bid_floor=0.03,sell_count=1",
      "metrics": {
        "tag": "seller_extraction:opportunistic_delta=3600,reserve_bid_floor=0.03,sell_count=1",
        "samples": 270,
        "expected_pnl": 247.96666666666667,
        "first_place_rate": 0.8888888888888888,
        "robustness": 247.96666666666667,
        "composites": {
          "balanced_50_30_20": 200.24333333333334,
          "upside_60_30_10": 200.24333333333334,
          "robust_40_20_40": 216.1511111111111
        }
      }
    },
    {
      "generation": 1,
      "seed": 20670355,
      "objective": "first_place",
      "rule_profile": "baseline_v1",
      "candidate": "seller_extraction:opportunistic_delta=3600,reserve_bid_floor=0.029,sell_count=2",
      "metrics": {
        "tag": "seller_extraction:opportunistic_delta=3600,reserve_bid_floor=0.029,sell_count=2",
        "samples": 280,
        "expected_pnl": 244.58214285714286,
        "first_place_rate": 0.8821428571428571,
        "robustness": 244.58214285714286,
        "composites": {
          "balanced_50_30_20": 197.67178571428573,
          "upside_60_30_10": 197.67178571428573,
          "robust_40_20_40": 213.30857142857144
        }
      }
    },
    {
      "generation": 2,
      "seed": 20680364,
      "objective": "first_place",
      "rule_profile": "baseline_v1",
      "candidate": "seller_extraction:opportunistic_delta=3600,reserve_bid_floor=0.027,sell_count=2",
      "metrics": {
        "tag": "seller_extraction:opportunistic_delta=3600,reserve_bid_floor=0.027,sell_count=2",
        "samples": 340,
        "expected_pnl": 240.5235294117647,
        "first_place_rate": 0.8735294117647059,
        "robustness": 240.5235294117647,
        "composites": {
          "balanced_50_30_20": 194.57235294117646,
          "upside_60_30_10": 194.57235294117646,
          "robust_40_20_40": 209.8894117647059
        }
      }
    },
    {
      "generation": 4,
      "seed": 20700386,
      "objective": "first_place",
      "rule_profile": "baseline_v1",
      "candidate": "seller_extraction:opportunistic_delta=3300,reserve_bid_floor=0.029,sell_count=2",
      "metrics": {
        "tag": "seller_extraction:opportunistic_delta=3300,reserve_bid_floor=0.029,sell_count=2",
        "samples": 310,
        "expected_pnl": 250.83225806451614,
        "first_place_rate": 0.8709677419354839,
        "robustness": 250.83225806451614,
        "composites": {
          "balanced_50_30_20": 201.71161290322584,
          "upside_60_30_10": 201.7116129032258,
          "robust_40_20_40": 218.08516129032262
        }
      }
    },
    {
      "generation": 3,
      "seed": 20690373,
      "objective": "first_place",
      "rule_profile": "baseline_v1",
      "candidate": "seller_extraction:opportunistic_delta=3300,reserve_bid_floor=0.029,sell_count=2",
      "metrics": {
        "tag": "seller_extraction:opportunistic_delta=3300,reserve_bid_floor=0.029,sell_count=2",
        "samples": 270,
        "expected_pnl": 235.05555555555554,
        "first_place_rate": 0.8666666666666667,
        "robustness": 235.05555555555554,
        "composites": {
          "balanced_50_30_20": 190.5388888888889,
          "upside_60_30_10": 190.5388888888889,
          "robust_40_20_40": 205.3777777777778
        }
      }
    },
    {
      "generation": 4,
      "seed": 20700387,
      "objective": "first_place",
      "rule_profile": "baseline_v1",
      "candidate": "seller_extraction:opportunistic_delta=3300,reserve_bid_floor=0.026,sell_count=2",
      "metrics": {
        "tag": "seller_extraction:opportunistic_delta=3300,reserve_bid_floor=0.026,sell_count=2",
        "samples": 290,
        "expected_pnl": 237.90689655172415,
        "first_place_rate": 0.8448275862068966,
        "robustness": 237.90689655172415,
        "composites": {
          "balanced_50_30_20": 191.8796551724138,
          "upside_60_30_10": 191.87965517241378,
          "robust_40_20_40": 207.22206896551725
        }
      }
    },
    {
      "generation": 1,
      "seed": 20670352,
      "objective": "first_place",
      "rule_profile": "baseline_v1",
      "candidate": "seller_extraction:opportunistic_delta=3400,reserve_bid_floor=0.03,sell_count=2",
      "metrics": {
        "tag": "seller_extraction:opportunistic_delta=3400,reserve_bid_floor=0.03,sell_count=2",
        "samples": 300,
        "expected_pnl": 234.09333333333333,
        "first_place_rate": 0.8433333333333334,
        "robustness": 234.09333333333333,
        "composites": {
          "balanced_50_30_20": 189.16533333333334,
          "upside_60_30_10": 189.16533333333334,
          "robust_40_20_40": 204.14133333333336
        }
      }
    },
    {
      "generation": 2,
      "seed": 20680368,
      "objective": "first_place",
      "rule_profile": "baseline_v1",
      "candidate": "seller_extraction:opportunistic_delta=3400,reserve_bid_floor=0.033,sell_count=2",
      "metrics": {
        "tag": "seller_extraction:opportunistic_delta=3400,reserve_bid_floor=0.033,sell_count=2",
        "samples": 300,
        "expected_pnl": 235.84333333333333,
        "first_place_rate": 0.8433333333333334,
        "robustness": 235.84333333333333,
        "composites": {
          "balanced_50_30_20": 190.39033333333333,
          "upside_60_30_10": 190.39033333333333,
          "robust_40_20_40": 205.54133333333334
        }
      }
    },
    {
      "generation": 4,
      "seed": 20700390,
      "objective": "first_place",
      "rule_profile": "baseline_v1",
      "candidate": "seller_extraction:opportunistic_delta=3200,reserve_bid_floor=0.029,sell_count=2",
      "metrics": {
        "tag": "seller_extraction:opportunistic_delta=3200,reserve_bid_floor=0.029,sell_count=2",
        "samples": 320,
        "expected_pnl": 222.809375,
        "first_place_rate": 0.840625,
        "robustness": 222.809375,
        "composites": {
          "balanced_50_30_20": 181.1853125,
          "upside_60_30_10": 181.18531249999998,
          "robust_40_20_40": 195.06
        }
      }
    },
    {
      "generation": 4,
      "seed": 20700391,
      "objective": "first_place",
      "rule_profile": "baseline_v1",
      "candidate": "seller_extraction:opportunistic_delta=3300,reserve_bid_floor=0.029,sell_count=1",
      "metrics": {
        "tag": "seller_extraction:opportunistic_delta=3300,reserve_bid_floor=0.029,sell_count=1",
        "samples": 340,
        "expected_pnl": 227.68823529411765,
        "first_place_rate": 0.8352941176470589,
        "robustness": 227.68823529411765,
        "composites": {
          "balanced_50_30_20": 184.44058823529411,
          "upside_60_30_10": 184.44058823529411,
          "robust_40_20_40": 198.8564705882353
        }
      }
    }
  ],
  "jsonl_path": "/opt/soldem/out/evolution_runs.jsonl",
  "worker_idx": 4,
  "seed": 20660330,
  "job_args": "--generations 5 --population-size 14 --survivors 4 --n-matches 50 --n-games-per-match 10 --rule-profile baseline_v1 --objective first_place --correlation-mode respect --correlation-strength 0.35 --correlation-pairs 1-2"
}